step,loss_d,loss_g,score_real,score_fake_d,score_fake_g,grad_norm_d,grad_norm_g,real_mean,real_std,real_min,real_max,real_near_zero_frac,real_near_one_frac,real_clip_frac,fake_d_mean,fake_d_std,fake_d_min,fake_d_max,fake_d_near_zero_frac,fake_d_near_one_frac,fake_g_mean,fake_g_std,fake_g_min,fake_g_max,fake_g_near_zero_frac,fake_g_near_one_frac
1,0.6944983899593353,0.6558094024658203,0.5241238176822662,0.5222063660621643,0.519241213798523,0.07458653673529625,0.009965306147933006,0.414813295006752,0.2173609957098961,0.032842609100043774,0.9982879161834717,0.010416666977107525,0.010416666977107525,0.005208333333333333,0.4982706755399704,0.01621217094361782,0.47626934945583344,0.525444507598877,0.0,0.0,0.49653252959251404,0.01730133406817913,0.47121214866638184,0.5264583826065063,0.0,0.0
2,0.6917116940021515,0.6754418611526489,0.5142229497432709,0.5110693573951721,0.5091747641563416,0.04694267921149731,0.010966388508677483,0.44338858127593994,0.2404852882027626,0.04467842075973749,1.0,0.0052083334885537624,0.020833333488553762,0.020833333333333332,0.4967634230852127,0.01718970015645027,0.4720589518547058,0.5248532295227051,0.0,0.0,0.4932176172733307,0.01954001747071743,0.46318671107292175,0.5247981548309326,0.0,0.0
3,0.69062140583992,0.6836211681365967,0.5090828537940979,0.5055060684680939,0.5051129460334778,0.0563507154583931,0.01372747402638197,0.4869220554828644,0.25671811401844025,0.029079940170049667,1.0,0.02083333395421505,0.062499999068677425,0.04166666666666667,0.4934569001197815,0.019230048172175884,0.46434955298900604,0.522688090801239,0.0,0.0,0.48985394835472107,0.02200409211218357,0.4604518711566925,0.5208950042724609,0.0,0.0
4,0.6882197856903076,0.6928282976150513,0.5077089071273804,0.5014480948448181,0.5005292296409607,0.05275202542543411,0.014214021153748035,0.42951828241348267,0.2431042343378067,0.03347446024417877,1.0,0.020833333488553762,0.046875,0.03125,0.4899419844150543,0.022107409313321114,0.46047912538051605,0.5190418362617493,0.0,0.0,0.4844418466091156,0.024731891229748726,0.44893625378608704,0.5145272612571716,0.0,0.0
5,0.6879045069217682,0.6969469785690308,0.5056287050247192,0.499127134680748,0.4986313283443451,0.06453375890851021,0.01720617339015007,0.44582873582839966,0.24482307583093643,0.0408510509878397,1.0,0.015625,0.046875,0.03125,0.483425036072731,0.025416246615350246,0.4447549283504486,0.5168417692184448,0.0,0.0,0.4759956896305084,0.029266072437167168,0.42961934208869934,0.5134037137031555,0.0,0.0
6,0.6874416768550873,0.7016090154647827,0.5033951699733734,0.4965049773454666,0.4964768886566162,0.060791607946157455,0.020162897184491158,0.4778500646352768,0.24969200789928436,0.07344698160886765,1.0,0.0,0.06249999813735485,0.041666666666666664,0.4774032533168793,0.028018943965435028,0.4348714053630829,0.5124959945678711,0.0,0.0,0.46680209040641785,0.031007152050733566,0.40756741166114807,0.5097752213478088,0.0,0.0
7,0.6844946146011353,0.7045917510986328,0.5054429173469543,0.49504005908966064,0.4955774247646332,0.07694799453020096,0.029729554429650307,0.4416157901287079,0.24404993653297424,0.04019223153591156,1.0,0.010416666977107525,0.031250000931322575,0.015625,0.46679289638996124,0.031052916310727596,0.4124058783054352,0.5082409977912903,0.0,0.0,0.45249006152153015,0.034985896199941635,0.3883076310157776,0.49921736121177673,0.0,0.0
8,0.6825899183750153,0.7052075266838074,0.5072392225265503,0.49498943984508514,0.49570900201797485,0.07331788167357445,0.037512555718421936,0.4501091539859772,0.25515785813331604,0.0384561400860548,1.0,0.0052083334885537624,0.06249999813735485,0.041666666666666664,0.45358090102672577,0.0348772257566452,0.38026343286037445,0.5011933445930481,0.0,0.0,0.43777814507484436,0.038594845682382584,0.3560304045677185,0.4984242618083954,0.0,0.0
9,0.6774412393569946,0.7168904542922974,0.5099245011806488,0.4903949201107025,0.4906539022922516,0.08448003605008125,0.04931269586086273,0.4265448600053787,0.2579227015376091,0.029887421056628227,1.0,0.010416666977107525,0.03645833395421505,0.015625,0.437714159488678,0.038089508190751076,0.3531806021928787,0.4968189150094986,0.0,0.0,0.4234757721424103,0.03968122974038124,0.33468079566955566,0.489621639251709,0.0,0.0
10,0.6774640083312988,0.709998369216919,0.5093734562397003,0.490412637591362,0.4958789348602295,0.09272979944944382,0.07696384936571121,0.43295659124851227,0.24903809279203415,0.04289010912179947,1.0,0.015625000465661287,0.03645833395421505,0.026041666666666664,0.4219314455986023,0.04022633470594883,0.3211553990840912,0.48719003796577454,0.0,0.0,0.3985878527164459,0.047062914818525314,0.2941831648349762,0.4754612147808075,0.0,0.0
11,0.6772783100605011,0.7058453559875488,0.5164128243923187,0.49629466235637665,0.4992016851902008,0.0979267917573452,0.08477932959794998,0.4255424588918686,0.24917367100715637,0.02661450020968914,1.0,0.026041666977107525,0.03125,0.026041666666666664,0.3975208103656769,0.04731891676783562,0.28512290120124817,0.4693456441164017,0.0,0.0,0.3781627416610718,0.05187579244375229,0.2834031283855438,0.45845499634742737,0.0,0.0
12,0.6753219664096832,0.6999368071556091,0.5221754908561707,0.4975534677505493,0.5029805302619934,0.11337731406092644,0.11242999136447906,0.44972819089889526,0.242220439016819,0.03560625948011875,1.0,0.015625000465661287,0.05729166604578495,0.04166666666666667,0.3680727779865265,0.05665425769984722,0.2497490495443344,0.4511004090309143,0.0,0.0,0.3483186960220337,0.06277987360954285,0.21331259608268738,0.4434976875782013,0.0,0.0
13,0.675100713968277,0.6844261884689331,0.529502809047699,0.5041239857673645,0.5125245451927185,0.12422926723957062,0.13415828347206116,0.43073682487010956,0.2225719541311264,0.047126540914177895,0.9796904027462006,0.0052083334885537624,0.015625000465661287,0.010416666666666666,0.34801751375198364,0.062385743483901024,0.2270241156220436,0.44312959909439087,0.0,0.0,0.31175723671913147,0.08029475808143616,0.16435372829437256,0.45459455251693726,0.0,0.0
14,0.6681002974510193,0.6785764098167419,0.5447677969932556,0.5059891939163208,0.5133914947509766,0.15978913009166718,0.1330859512090683,0.442697674036026,0.24271074682474136,0.0363371092826128,0.9906736612319946,0.02083333395421505,0.031250000931322575,0.010416666666666666,0.31898345053195953,0.07653151825070381,0.1754804477095604,0.454404354095459,0.0,0.0,0.2791732847690582,0.08709842711687088,0.12838982045650482,0.44368019700050354,0.0,0.0
15,0.6481786072254181,0.6917645931243896,0.5675624907016754,0.5035718679428101,0.5066537857055664,0.17613709717988968,0.17386537790298462,0.4329560846090317,0.24187738448381424,0.041650889441370964,1.0,0.015625,0.031250000931322575,0.026041666666666664,0.2907390743494034,0.08251069486141205,0.14410240203142166,0.4461025297641754,0.0,0.0,0.2923049032688141,0.07444363832473755,0.13924042880535126,0.4267052412033081,0.0,0.0
16,0.6254042088985443,0.719041109085083,0.5843095481395721,0.4902036786079407,0.4994083344936371,0.20918652415275574,0.2893356382846832,0.43988481163978577,0.2529542073607445,0.04139167070388794,1.0,0.010416666977107525,0.0677083320915699,0.0625,0.28970766067504883,0.0749429315328598,0.14347104728221893,0.42728084325790405,0.0,0.0,0.3075333535671234,0.0673072412610054,0.1624612957239151,0.4156862199306488,0.0,0.0
17,0.6073936522006989,0.7411332130432129,0.602466493844986,0.4828537851572037,0.5007211565971375,0.23939188569784164,0.40300074219703674,0.43764594197273254,0.2295568510890007,0.05251714028418064,1.0,0.010416666977107525,0.03645833395421505,0.026041666666666664,0.29138319194316864,0.07291678711771965,0.13799332082271576,0.4095405042171478,0.0,0.0,0.3194144070148468,0.0677029937505722,0.1879843920469284,0.43189123272895813,0.0,0.0
18,0.5940530300140381,0.7766852378845215,0.5989778339862823,0.46572738885879517,0.49296289682388306,0.2513028383255005,0.5365205407142639,0.44373832643032074,0.25185437500476837,0.028212429955601692,0.9951170086860657,0.036458333022892475,0.04687500139698386,0.036458333333333336,0.3293910175561905,0.0659959465265274,0.2102978453040123,0.4399034082889557,0.0,0.0,0.3691519796848297,0.05901908874511719,0.23745903372764587,0.4677296578884125,0.0,0.0
19,0.5905443727970123,0.8333464860916138,0.581214189529419,0.4433443397283554,0.46963638067245483,0.2762320041656494,0.5081777572631836,0.4572273939847946,0.23515596985816956,0.05314275994896889,1.0,0.0,0.0416666679084301,0.020833333333333332,0.3667423725128174,0.05821186490356922,0.2569124400615692,0.4698732942342758,0.0,0.0,0.3972384035587311,0.056366220116615295,0.28231310844421387,0.49336370825767517,0.0,0.0
20,0.5904130935668945,0.8211572170257568,0.5719610452651978,0.43146856129169464,0.48439380526542664,0.3202766329050064,0.7241498827934265,0.4536743611097336,0.2327902689576149,0.038724370300769806,0.9866911470890045,0.010416666977107525,0.031249999534338713,0.026041666666666668,0.4009081721305847,0.05274405516684055,0.3073781877756119,0.48997096717357635,0.0,0.0,0.43331339955329895,0.04368273913860321,0.35306230187416077,0.5072283744812012,0.0,0.0
21,0.5878143012523651,0.9574353098869324,0.5473573058843613,0.39820972084999084,0.3984828591346741,0.36379292607307434,0.3418249785900116,0.4275839477777481,0.23886863142251968,0.03551566042006016,0.9885230958461761,0.015625000465661287,0.031249999534338713,0.020833333333333332,0.42812493443489075,0.04671118035912514,0.35374365746974945,0.5072722434997559,0.0,0.0,0.4523515999317169,0.03856857493519783,0.3795608580112457,0.5105611681938171,0.0,0.0
22,0.5851694047451019,0.9049731492996216,0.5722140371799469,0.424912765622139,0.4341829717159271,0.4570315480232239,0.597270131111145,0.4673936665058136,0.24452581256628036,0.04488632082939148,1.0,0.0052083334885537624,0.03645833395421505,0.03125,0.4500828832387924,0.03966240957379341,0.3817913234233856,0.5109325051307678,0.0,0.0,0.46831628680229187,0.03832704946398735,0.38470903038978577,0.5276898145675659,0.0,0.0
23,0.6129170656204224,0.8446996808052063,0.5214598923921585,0.4027143120765686,0.4564305543899536,0.550512045621872,0.6160972714424133,0.42495058476924896,0.2520034909248352,0.022573940455913544,0.9779113829135895,0.015625000465661287,0.026041667442768812,0.010416666666666666,0.46854181587696075,0.03759736940264702,0.39709484577178955,0.5314211249351501,0.0,0.0,0.48456016182899475,0.036449968814849854,0.41190004348754883,0.5460563898086548,0.0,0.0
24,0.5901810228824615,0.9678678512573242,0.5426802635192871,0.390624076128006,0.39262819290161133,0.5032389909029007,0.3291994631290436,0.43467777967453003,0.2503677085042,0.04428775981068611,1.0,0.010416666977107525,0.03125,0.020833333333333332,0.48435284197330475,0.03785017319023609,0.4074429124593735,0.5493544340133667,0.0,0.0,0.4948822259902954,0.03785032778978348,0.41154763102531433,0.5612130165100098,0.0,0.0
25,0.5598220527172089,0.9746568202972412,0.5678964555263519,0.38357529044151306,0.3914091885089874,0.4265334755182266,0.34882238507270813,0.44899338483810425,0.2518152967095375,0.04297262988984585,1.0,0.0052083334885537624,0.04687500139698386,0.03125,0.4940980225801468,0.03844843618571758,0.4136878401041031,0.5596040487289429,0.0,0.0,0.5030354857444763,0.04316997900605202,0.41946837306022644,0.5680503249168396,0.0,0.0
26,0.5298179388046265,0.8558080196380615,0.6046046316623688,0.3949337303638458,0.4582243263721466,0.548785537481308,0.7240722179412842,0.46686017513275146,0.2543070465326309,0.06128544919192791,1.0,0.010416666977107525,0.0625,0.04166666666666667,0.503238171339035,0.043346187099814415,0.41326944530010223,0.5752367973327637,0.0,0.0,0.5148912072181702,0.053155798465013504,0.4096795618534088,0.5931409597396851,0.0,0.0
27,0.4838161766529083,1.0171880722045898,0.6437085568904877,0.3530123084783554,0.3906673789024353,0.9389072954654694,0.5976695418357849,0.518588662147522,0.27752695977687836,0.06099759042263031,1.0,0.0052083334885537624,0.1041666679084301,0.05729166666666667,0.5149411261081696,0.05377701669931412,0.40184424817562103,0.601081371307373,0.0,0.0,0.5250734686851501,0.0661613717675209,0.3901236057281494,0.6245627403259277,0.0,0.0
28,0.5422683954238892,1.1348127126693726,0.5529046356678009,0.3307216465473175,0.3283539414405823,0.6310340166091919,0.2219502478837967,0.4440423399209976,0.25237587839365005,0.060013240203261375,0.9837386012077332,0.0052083334885537624,0.04166666558012366,0.036458333333333336,0.5259465575218201,0.06723503768444061,0.3916165679693222,0.6276286840438843,0.0,0.0,0.5333845019340515,0.07356110215187073,0.3885176479816437,0.6367840766906738,0.0,0.0
29,0.46721217036247253,1.2161062955856323,0.6349398791790009,0.33089548349380493,0.29879283905029297,0.7675678133964539,0.16126640141010284,0.4494960606098175,0.24762798100709915,0.0492979995906353,0.9975347220897675,0.0052083334885537624,0.05729166558012366,0.041666666666666664,0.5334679782390594,0.07362981140613556,0.38509631156921387,0.6342137157917023,0.0,0.0,0.5394455790519714,0.07493859529495239,0.3953753411769867,0.638944685459137,0.0,0.0
30,0.4572402685880661,1.1433933973312378,0.6594878733158112,0.3371981531381607,0.330201655626297,0.8088144958019257,0.392960786819458,0.45856885612010956,0.2501365542411804,0.03286678995937109,1.0,0.010416666977107525,0.06249999813735485,0.046875,0.5410893857479095,0.07825328409671783,0.3859924376010895,0.6487478315830231,0.0,0.0,0.5455678105354309,0.0689777061343193,0.40468281507492065,0.645115852355957,0.0,0.0
31,0.41759589314460754,1.0357966423034668,0.6809981763362885,0.3132082223892212,0.3745075762271881,0.8296052813529968,0.6578667163848877,0.4434308260679245,0.21997658163309097,0.04403477907180786,0.9572614431381226,0.0052083334885537624,0.0052083334885537624,0.005208333333333333,0.5480403304100037,0.07211584225296974,0.408682182431221,0.6382962763309479,0.0,0.0,0.5511888265609741,0.06808523833751678,0.42098119854927063,0.6357427835464478,0.0,0.0
32,0.3741565942764282,1.4669415950775146,0.6927227973937988,0.252953439950943,0.2343965321779251,1.06478750705719,0.298866331577301,0.4594690501689911,0.22509153187274933,0.04253035970032215,0.9587872624397278,0.010416666977107525,0.02083333395421505,0.010416666666666666,0.5508167743682861,0.06809529662132263,0.41992491483688354,0.6372184455394745,0.0,0.0,0.5552932620048523,0.07091258466243744,0.4072335958480835,0.6582916378974915,0.0,0.0
33,0.34666112065315247,1.426946759223938,0.7635639309883118,0.28643230348825455,0.2656455636024475,1.2131661176681519,0.9290786981582642,0.45186446607112885,0.23630640655755997,0.04179242067039013,1.0,0.010416666977107525,0.036458333022892475,0.026041666666666664,0.5538385808467865,0.0692131407558918,0.41457399725914,0.6567820608615875,0.0,0.0,0.5523649454116821,0.07878762483596802,0.3780766725540161,0.6695578098297119,0.0,0.0
34,0.31560954451560974,1.57761812210083,0.7191851139068604,0.1908024400472641,0.2442268580198288,1.224197655916214,1.45570969581604,0.4327290505170822,0.25242268294095993,0.04055063985288143,1.0,0.015625000465661287,0.03125,0.020833333333333332,0.5506704449653625,0.07605046033859253,0.3852398246526718,0.6632669866085052,0.0,0.0,0.546673595905304,0.09229901432991028,0.34140950441360474,0.6878588795661926,0.0,0.0
35,0.27947837114334106,1.6776330471038818,0.7749033570289612,0.20546585321426392,0.21516002714633942,0.7491928339004517,1.3029662370681763,0.4539363533258438,0.2330935373902321,0.0320637496188283,1.0,0.015625000465661287,0.03645833348855376,0.020833333333333332,0.5452544689178467,0.08868731185793877,0.3528149873018265,0.675441712141037,0.0,0.0,0.5316441059112549,0.090177521109581,0.3203740417957306,0.6952484846115112,0.0,0.0
36,0.23072920739650726,1.6499627828598022,0.8112717568874359,0.17604964971542358,0.22719568014144897,0.7521743476390839,1.7122373580932617,0.41206638514995575,0.23424596339464188,0.055330460891127586,1.0,0.010416666977107525,0.031250000931322575,0.03125,0.5344873368740082,0.09538690745830536,0.3282972425222397,0.6847260594367981,0.0,0.0,0.5214833617210388,0.09123281389474869,0.31176188588142395,0.6738654375076294,0.0,0.0
37,0.20838430523872375,2.0467095375061035,0.8145212829113007,0.14264430105686188,0.15562203526496887,0.7241731882095337,1.361066460609436,0.46748751401901245,0.247468963265419,0.04660881869494915,1.0,0.010416666977107525,0.0625,0.052083333333333336,0.5230081677436829,0.09845473244786263,0.3075511157512665,0.6784863471984863,0.0,0.0,0.5100312829017639,0.108326256275177,0.2571965754032135,0.693574070930481,0.0,0.0
38,0.2025190144777298,1.5092570781707764,0.8494063317775726,0.17419125884771347,0.27764567732810974,0.6742345988750458,2.241964101791382,0.4193691462278366,0.22535542398691177,0.05186343006789684,1.0,0.0052083334885537624,0.020833333488553762,0.010416666666666666,0.508935421705246,0.10237720981240273,0.2824695259332657,0.6692709624767303,0.0,0.0,0.49401021003723145,0.11145645380020142,0.22594447433948517,0.6942175626754761,0.0,0.0
39,0.2156829684972763,2.287431478500366,0.8053819835186005,0.14224878326058388,0.11886278539896011,1.293138563632965,1.6112136840820312,0.4240212142467499,0.24871202558279037,0.04592921119183302,1.0,0.02083333395421505,0.036458333022892475,0.015625,0.4935918003320694,0.11078489199280739,0.26051850616931915,0.6684452593326569,0.0,0.0,0.47569623589515686,0.10957575589418411,0.23948073387145996,0.6610196828842163,0.0,0.0
40,0.18734396249055862,1.9903817176818848,0.8590992391109467,0.15162306278944016,0.18606725335121155,0.8661337792873383,3.016561269760132,0.46130143105983734,0.24889889359474182,0.03918384946882725,1.0,0.02083333395421505,0.0677083320915699,0.052083333333333336,0.47529810667037964,0.11386546865105629,0.21553464233875275,0.6794222891330719,0.0,0.0,0.45513924956321716,0.11823730915784836,0.21628208458423615,0.6702377796173096,0.0,0.0
41,0.16257506608963013,2.3463985919952393,0.8447979986667633,0.1092083603143692,0.1268111616373062,0.5769038498401642,2.235816240310669,0.3994866609573364,0.2271478921175003,0.0397730004042387,1.0,0.0052083334885537624,0.020833333488553762,0.010416666666666666,0.4553527981042862,0.11935869976878166,0.20158697664737701,0.6716954410076141,0.0,0.0,0.43773558735847473,0.11301756650209427,0.2033604234457016,0.642407238483429,0.0,0.0
42,0.16767065227031708,2.1000020503997803,0.8735075891017914,0.13876207172870636,0.19658929109573364,0.6857267618179321,4.75885009765625,0.4513859897851944,0.24776361137628555,0.04547683149576187,1.0,0.010416666977107525,0.05729166604578495,0.036458333333333336,0.4355255663394928,0.11823055893182755,0.18916485458612442,0.6559998989105225,0.0,0.0,0.4111606776714325,0.11845850944519043,0.213858500123024,0.6129549145698547,0.0,0.0
43,0.21522939205169678,2.0157294273376465,0.8385736048221588,0.16256244480609894,0.2127176821231842,0.7492236196994781,4.361023902893066,0.46422554552555084,0.24750488996505737,0.05510560888797045,1.0,0.0052083334885537624,0.05208333395421505,0.041666666666666664,0.4151264578104019,0.11635240539908409,0.2065536305308342,0.6126019656658173,0.0,0.0,0.3947194814682007,0.11228420585393906,0.19205549359321594,0.5719173550605774,0.0,0.0
44,0.20800770074129105,1.9807230234146118,0.8333323001861572,0.13540415838360786,0.24299412965774536,0.9465141594409943,5.114228248596191,0.4260304123163223,0.22358839213848114,0.024510079994797707,0.9536266028881073,0.03645833395421505,0.010416666977107525,0.010416666666666666,0.39035235345363617,0.11693977192044258,0.16452187299728394,0.5812583565711975,0.0,0.0,0.36566564440727234,0.11541397124528885,0.14829382300376892,0.5360268354415894,0.0,0.0
45,0.2524838298559189,1.761654257774353,0.8535110652446747,0.20915060490369797,0.3376961350440979,1.4149028062820435,6.545138359069824,0.4479607492685318,0.2453891932964325,0.035385219380259514,1.0,0.015625000465661287,0.03645833395421505,0.015625,0.3675558418035507,0.11346761509776115,0.1698528602719307,0.5373500883579254,0.0,0.0,0.32625892758369446,0.12198272347450256,0.11897149682044983,0.496697336435318,0.0,0.0
46,0.24251103401184082,1.8088748455047607,0.8297613561153412,0.14946310222148895,0.3337644934654236,1.452113687992096,6.738008499145508,0.43293826282024384,0.24768802523612976,0.044612620025873184,1.0,0.0052083334885537624,0.04166666604578495,0.015625,0.34251560270786285,0.11361632868647575,0.12821365892887115,0.4990188479423523,0.0,0.0,0.31021538376808167,0.1187872365117073,0.07194388657808304,0.4610244333744049,0.0,0.0
47,0.24195440113544464,2.171389579772949,0.8458483815193176,0.16795169562101364,0.25613144040107727,1.5883318185806274,5.796701908111572,0.4474867880344391,0.2597053423523903,0.04463568143546581,0.9995540678501129,0.015625,0.04166666558012366,0.03125,0.3103850185871124,0.11901212111115456,0.0752776451408863,0.46555928885936737,0.0,0.0,0.2795862853527069,0.12531790137290955,0.05094663053750992,0.4773394465446472,0.0,0.0
48,0.32001981139183044,1.7125208377838135,0.7942172586917877,0.17178843170404434,0.3993455469608307,1.840541660785675,8.730023384094238,0.48177100718021393,0.24077162891626358,0.06429122015833855,1.0,0.0,0.05208333395421505,0.03125,0.28366491198539734,0.12288471311330795,0.05694939196109772,0.4800192266702652,0.0,0.0,0.26326847076416016,0.13427498936653137,0.04369253292679787,0.5192459225654602,0.02083333395421505,0.0
49,0.32801274955272675,1.9646759033203125,0.844755232334137,0.23407984524965286,0.32316744327545166,2.5181843042373657,7.486052989959717,0.4222811460494995,0.2452065274119377,0.046253690496087074,0.9345073103904724,0.0052083334885537624,0.0416666679084301,0.03125,0.263048380613327,0.13521713018417358,0.04191414453089237,0.5166887640953064,0.02083333395421505,0.0,0.25479403138160706,0.15294229984283447,0.03416729345917702,0.5736727714538574,0.0416666679084301,0.0
50,0.37253186106681824,2.0050199031829834,0.7872090637683868,0.15899883955717087,0.303678423166275,2.038546144962311,6.467658519744873,0.45492076873779297,0.270024910569191,0.03520648926496506,1.0,0.026041666977107525,0.06249999813735485,0.04166666666666667,0.24560998380184174,0.15848113596439362,0.02975529246032238,0.5781041085720062,0.0520833320915699,0.0,0.24945034086704254,0.18062473833560944,0.019230473786592484,0.6635055541992188,0.0520833320915699,0.0
51,0.40430131554603577,1.6503536701202393,0.7789208889007568,0.19400039315223694,0.418698787689209,1.7429882287979126,8.734468460083008,0.44028788805007935,0.23092471063137054,0.04347888007760048,1.0,0.010416666977107525,0.03125,0.015625,0.23998231440782547,0.18401651084423065,0.02959590870887041,0.6391343474388123,0.078125,0.0,0.2484370619058609,0.21348240971565247,0.017610549926757812,0.7254950404167175,0.0833333358168602,0.0
52,0.4464664161205292,1.7786012887954712,0.7633517682552338,0.22742316871881485,0.33850541710853577,2.358889639377594,6.480103969573975,0.40869972109794617,0.21892400085926056,0.034403448924422264,1.0,0.02083333395421505,0.010416666977107525,0.010416666666666666,0.24763581901788712,0.21437546610832214,0.018809769302606583,0.7296738624572754,0.1093749962747097,0.0,0.251346617937088,0.25637656450271606,0.009256680496037006,0.8272163271903992,0.15625,0.0
53,0.34516141563653946,1.982722520828247,0.8041805028915405,0.15537158399820328,0.2509583830833435,1.4739165306091309,5.154246807098389,0.44326062500476837,0.2629532814025879,0.04795866087079048,1.0,0.0052083334885537624,0.05208333395421505,0.03125,0.26049818098545074,0.2445472851395607,0.020096076652407646,0.7852683365345001,0.1302083358168602,0.0,0.26849833130836487,0.2816506624221802,0.011920362710952759,0.849799394607544,0.1875,0.0
54,0.18756595999002457,2.4077672958374023,0.8950364887714386,0.11542562767863274,0.1465635895729065,1.3762940466403961,4.7284016609191895,0.4389789253473282,0.23995472490787506,0.057766759768128395,1.0,0.010416666977107525,0.046875,0.020833333333333332,0.2693940997123718,0.28513069450855255,0.012352962978184223,0.8530000448226929,0.1875,0.0,0.2910648286342621,0.3050619959831238,0.014547092840075493,0.8633747696876526,0.1666666716337204,0.0
55,0.18605384230613708,2.257079601287842,0.8846314549446106,0.10722091048955917,0.24682633578777313,1.0205384194850922,8.693607330322266,0.41967107355594635,0.23569642007350922,0.054859619587659836,1.0,0.0052083334885537624,0.031250000931322575,0.026041666666666664,0.28891904652118683,0.3129616379737854,0.011877029668539762,0.8697697818279266,0.2343749925494194,0.0,0.301620215177536,0.34460577368736267,0.011221321299672127,0.8776919841766357,0.2916666567325592,0.0
56,0.16373520344495773,2.5673248767852783,0.922009140253067,0.09742216765880585,0.13524919748306274,1.879803866147995,6.252374649047852,0.4066029489040375,0.23039621859788895,0.050321189686656,0.9839189648628235,0.015625,0.026041667442768812,0.010416666666666666,0.30568553507328033,0.3304498791694641,0.01474190317094326,0.861524909734726,0.1979166641831398,0.0,0.31806495785713196,0.3413805663585663,0.014251924119889736,0.8799742460250854,0.1875,0.0
57,0.15255166590213776,2.8270528316497803,0.8968068063259125,0.059611305594444275,0.09905163943767548,0.9885135889053345,5.113914966583252,0.45719046890735626,0.2422241047024727,0.04161117970943451,1.0,0.010416666977107525,0.057291666977107525,0.020833333333333332,0.31854987144470215,0.3381817787885666,0.02086813934147358,0.8623605072498322,0.1458333283662796,0.0,0.32562437653541565,0.3395915627479553,0.02472485601902008,0.9103015661239624,0.0833333358168602,0.0
58,0.057917919009923935,3.00287127494812,0.9686268866062164,0.055791741237044334,0.10350491851568222,0.38082069158554077,6.346308708190918,0.45480217039585114,0.24179890006780624,0.06913700141012669,1.0,0.0,0.046875,0.03125,0.32156966626644135,0.3482248932123184,0.02270584460347891,0.9205648303031921,0.1458333320915699,0.0,0.32720646262168884,0.33128610253334045,0.02990850992500782,0.9445317983627319,0.0625,0.0
59,0.06800080090761185,3.2850584983825684,0.9520097970962524,0.04907958582043648,0.09940187633037567,0.4262555092573166,8.367887496948242,0.44608108699321747,0.24524479359388351,0.03906129952520132,1.0,0.010416666977107525,0.0416666679084301,0.026041666666666664,0.32487256824970245,0.3363867253065109,0.03107007686048746,0.9401966631412506,0.078125,0.0,0.3264046609401703,0.3174770772457123,0.05086992308497429,0.9442492127418518,0.0,0.0
60,0.10928283259272575,3.1315553188323975,0.9097726345062256,0.043603477999567986,0.16365402936935425,1.2531951069831848,11.736413955688477,0.41887931525707245,0.2229798510670662,0.040810899809002876,0.9982879161834717,0.020833333488553762,0.010416666977107525,0.005208333333333333,0.3301209956407547,0.31112439930438995,0.040172284469008446,0.9496545195579529,0.031250000931322575,0.0052083334885537624,0.34253862500190735,0.2821684777736664,0.06665626168251038,0.9484217166900635,0.0,0.0
61,0.1539761982858181,3.012545347213745,0.9113655090332031,0.08838780224323273,0.22942087054252625,1.1230805814266205,13.557270050048828,0.40471792221069336,0.22635456919670105,0.035385219380259514,0.9531696438789368,0.026041667442768812,0.010416666977107525,0.005208333333333333,0.33288851380348206,0.2945804297924042,0.06611256115138531,0.942978024482727,0.0,0.0052083334885537624,0.34140825271606445,0.2779500186443329,0.06135674566030502,0.9517502784729004,0.0,0.010416666977107525
62,0.18416889011859894,3.829740524291992,0.8807651102542877,0.057711707428097725,0.08139949291944504,1.2344654500484467,11.67753791809082,0.44884248077869415,0.2505169063806534,0.07158281095325947,1.0,0.0,0.0520833320915699,0.03125,0.3481650948524475,0.2700670212507248,0.07893995568156242,0.9381645321846008,0.0,0.0,0.3472709357738495,0.2673896551132202,0.06430494785308838,0.9539413452148438,0.0,0.010416666977107525
63,0.2676733359694481,3.2338430881500244,0.8492080569267273,0.12301846221089363,0.24995675683021545,1.3405799269676208,15.04454517364502,0.4548715353012085,0.2535025477409363,0.03182356059551239,1.0,0.02083333395421505,0.05729166604578495,0.046875,0.36223451793193817,0.2545939236879349,0.07757505029439926,0.9477196633815765,0.0,0.0,0.37044134736061096,0.25562185049057007,0.08520699292421341,0.9455613493919373,0.0,0.0
64,0.13796015083789825,3.3107526302337646,0.8854436576366425,0.05605550296604633,0.2783668339252472,1.49685138463974,15.98275375366211,0.4472423195838928,0.24370713531970978,0.04793987050652504,1.0,0.0052083334885537624,0.031250000931322575,0.03125,0.3743743598461151,0.2517297714948654,0.0794810988008976,0.9494615197181702,0.0,0.0052083334885537624,0.414959192276001,0.23229926824569702,0.11446571350097656,0.9261295199394226,0.0,0.0
65,0.20672423392534256,3.6413605213165283,0.8409150242805481,0.05514082685112953,0.22032898664474487,1.0852268934249878,15.001726150512695,0.44674041867256165,0.24228227138519287,0.05064808018505573,0.9932620823383331,0.0052083334885537624,0.052083334885537624,0.036458333333333336,0.4058707654476166,0.2417183816432953,0.09026146307587624,0.9462568759918213,0.0,0.0,0.44409409165382385,0.2308637946844101,0.13046328723430634,0.9319015741348267,0.0,0.0
66,0.5489447712898254,2.2722926139831543,0.6973582208156586,0.15794454514980316,0.557697057723999,1.5280218124389648,18.308454513549805,0.4572524130344391,0.23430554568767548,0.0691572017967701,1.0,0.0,0.031250000931322575,0.020833333333333332,0.4428216218948364,0.2395809441804886,0.10968814045190811,0.9470236301422119,0.0,0.0,0.4887658655643463,0.2274792343378067,0.17068922519683838,0.9223183393478394,0.0,0.0
67,0.6046880781650543,2.2998294830322266,0.6753378510475159,0.15967395156621933,0.48734328150749207,3.6206682324409485,16.488243103027344,0.3984110504388809,0.21070969849824905,0.04011444002389908,0.9580376446247101,0.015625000465661287,0.010416666977107525,0.010416666666666666,0.48607097566127777,0.23604437708854675,0.14692330360412598,0.9394504725933075,0.0,0.0,0.5185582041740417,0.23657768964767456,0.12017777562141418,0.9464515447616577,0.0,0.0
68,0.7236595153808594,2.270246744155884,0.6366139948368073,0.13249602168798447,0.4317992925643921,3.085286021232605,15.26323413848877,0.42022013664245605,0.24054109305143356,0.033134059980511665,1.0,0.015625000465661287,0.046875,0.03125,0.5181539952754974,0.24605657160282135,0.1272451989352703,0.9398945569992065,0.0,0.0,0.5541916489601135,0.2516186535358429,0.09962372481822968,0.9370750784873962,0.0,0.0
69,0.527205690741539,2.303734302520752,0.6897515952587128,0.12913446500897408,0.417236328125,3.277060031890869,14.632859230041504,0.47248512506484985,0.25394439697265625,0.029079940170049667,1.0,0.015625000465661287,0.06770833395421505,0.046875,0.5538294315338135,0.24002676457166672,0.10610737651586533,0.9312896132469177,0.0,0.0,0.5871216654777527,0.2571101784706116,0.09199399501085281,0.9124947190284729,0.0,0.0
70,0.804076611995697,1.8697683811187744,0.6151086091995239,0.15818147361278534,0.5361495018005371,4.211578011512756,14.566515922546387,0.45658282935619354,0.23474248498678207,0.030674980953335762,1.0,0.020833333488553762,0.026041666977107525,0.020833333333333332,0.5863417387008667,0.25867176055908203,0.09206707403063774,0.9148192405700684,0.0,0.0,0.6090970635414124,0.2479950487613678,0.0983128696680069,0.8688480257987976,0.0,0.0
71,0.6629446744918823,3.0042543411254883,0.6254319846630096,0.16671066358685493,0.19631490111351013,5.056310534477234,12.482029914855957,0.41303591430187225,0.22853340208530426,0.04087959975004196,0.9829851388931274,0.015625000465661287,0.020833333488553762,0.010416666666666666,0.611079752445221,0.2503253296017647,0.09333629533648491,0.8723530769348145,0.0,0.0,0.6321101784706116,0.2598237693309784,0.0872424840927124,0.9002081155776978,0.0,0.0
72,0.6091282814741135,3.0422146320343018,0.6646395325660706,0.04540915787220001,0.17925679683685303,3.0668797492980957,13.895691871643066,0.44792355597019196,0.23274748027324677,0.04549364000558853,1.0,0.010416666977107525,0.03125,0.015625,0.6314294934272766,0.2539006918668747,0.07120397314429283,0.9166568219661713,0.0,0.0,0.6417925953865051,0.2510860562324524,0.07372749596834183,0.9258902072906494,0.0,0.0
73,0.8141273856163025,1.4697861671447754,0.5829252004623413,0.22055287659168243,0.6700530052185059,2.123998761177063,17.069290161132812,0.41525571048259735,0.22914136201143265,0.04170241951942444,1.0,0.010416666977107525,0.031250000931322575,0.03125,0.6448384523391724,0.25331608951091766,0.07351645827293396,0.9292072951793671,0.0,0.0,0.6494104862213135,0.25240644812583923,0.06661659479141235,0.9468309879302979,0.0,0.0
74,0.8280259668827057,2.361307144165039,0.6198465824127197,0.2546953596174717,0.3803005814552307,8.341546297073364,17.469419479370117,0.4390515983104706,0.23633108288049698,0.05360270105302334,0.9761693179607391,0.0052083334885537624,0.05208333348855376,0.020833333333333332,0.6508960127830505,0.2536349892616272,0.07796957716345787,0.9399793148040771,0.0,0.0,0.660283088684082,0.27032506465911865,0.06805314868688583,0.9522411227226257,0.0,0.010416666977107525
75,0.8187503218650818,2.1286542415618896,0.4880174696445465,0.10660615563392639,0.4539632797241211,4.254313707351685,19.198562622070312,0.45778900384902954,0.2579587548971176,0.04278719052672386,1.0,0.0052083334885537624,0.05729166604578495,0.03645833333333333,0.6543890237808228,0.26194240152835846,0.08157193288207054,0.9476099908351898,0.0,0.0,0.6546983122825623,0.27614155411720276,0.07464628666639328,0.9558858871459961,0.0,0.010416666977107525
76,0.8241351246833801,1.893065094947815,0.5577095597982407,0.17043334990739822,0.5557058453559875,4.022511124610901,20.192102432250977,0.44799451529979706,0.2281722128391266,0.05310551077127457,0.9558438062667847,0.010416666977107525,0.02083333395421505,0.020833333333333332,0.6535887718200684,0.2747197300195694,0.08011988177895546,0.9530093371868134,0.0,0.026041666977107525,0.6498085856437683,0.2913319766521454,0.07824713736772537,0.958372950553894,0.0,0.0625
77,0.9944574236869812,1.8735841512680054,0.47658446431159973,0.17580057680606842,0.5263662338256836,5.493801593780518,19.49126625061035,0.4242318123579025,0.24159085750579834,0.036718470975756645,1.0,0.03125,0.031249999534338713,0.026041666666666664,0.6479573547840118,0.28795889019966125,0.0756513848900795,0.9604723751544952,0.0,0.03645833395421505,0.6446633338928223,0.3101763129234314,0.06108320876955986,0.9708949327468872,0.0,0.0833333358168602
78,1.0234279930591583,1.7966575622558594,0.456513449549675,0.17814704030752182,0.48480769991874695,4.856819987297058,17.582937240600586,0.4763813614845276,0.24590137600898743,0.08108104020357132,1.0,0.0,0.0677083320915699,0.046875,0.6435536742210388,0.307257741689682,0.06952155753970146,0.9668216705322266,0.0,0.0833333320915699,0.6402037739753723,0.33340024948120117,0.057804349809885025,0.9786837697029114,0.0,0.125
79,1.053763210773468,1.518596887588501,0.4071137011051178,0.2061351090669632,0.49687081575393677,3.902300715446472,13.966622352600098,0.4674781560897827,0.25363193452358246,0.03307469002902508,1.0,0.010416666977107525,0.046875,0.041666666666666664,0.6379079520702362,0.3269960284233093,0.06012490577995777,0.9757961630821228,0.0,0.1041666641831398,0.6348361372947693,0.3561055362224579,0.05367674678564072,0.9810857772827148,0.0,0.1458333283662796
80,0.6515703797340393,1.9872009754180908,0.5626926720142365,0.19272515177726746,0.27428168058395386,4.183192312717438,12.169419288635254,0.39597606658935547,0.23573412746191025,0.04563807975500822,1.0,0.010416666977107525,0.03125,0.015625,0.6333636939525604,0.35220305621623993,0.05286727286875248,0.9820278584957123,0.0052083334885537624,0.1302083358168602,0.6263599991798401,0.37023085355758667,0.04086587578058243,0.9888822436332703,0.010416666977107525,0.1666666716337204
81,0.6246388107538223,2.2084667682647705,0.6021991968154907,0.13394233956933022,0.2033718377351761,1.8005037307739258,8.841263771057129,0.4226223826408386,0.2324800118803978,0.07368225790560246,0.9806435704231262,0.0,0.02083333395421505,0.010416666666666666,0.623069167137146,0.361569344997406,0.0603175088763237,0.980535626411438,0.0,0.1354166679084301,0.6148270964622498,0.37827399373054504,0.05679570883512497,0.9851122498512268,0.0,0.2083333283662796
82,0.6737536489963531,1.6396229267120361,0.5520303249359131,0.1905522346496582,0.397636741399765,2.1103978157043457,9.602629661560059,0.42142269015312195,0.2225932776927948,0.03451735060662031,0.9416365325450897,0.026041666977107525,0.0052083334885537624,0.005208333333333333,0.6148858368396759,0.3784329444169998,0.05292446352541447,0.9876414835453033,0.0,0.203125,0.6001182198524475,0.3766520321369171,0.0432957261800766,0.9880384802818298,0.010416666977107525,0.2708333432674408
83,0.4528839588165283,2.229381561279297,0.708747535943985,0.16434959694743156,0.21920503675937653,4.125829219818115,7.957202434539795,0.44498027861118317,0.25394604355096817,0.046319929882884026,1.0,0.0052083334885537624,0.046875,0.03125,0.5981012880802155,0.3727637082338333,0.04983607307076454,0.9857394695281982,0.010416666977107525,0.2291666716337204,0.5790032148361206,0.3712936341762543,0.03146405518054962,0.9894876480102539,0.0520833320915699,0.2916666567325592
84,0.42535674571990967,1.8829048871994019,0.6873597502708435,0.15754257142543793,0.4255177974700928,1.5473944544792175,10.702317237854004,0.40747322142124176,0.2185061275959015,0.027248909696936607,0.9611023366451263,0.020833333488553762,0.010416666977107525,0.005208333333333333,0.5798576474189758,0.37593573331832886,0.025435307063162327,0.9915237128734589,0.0833333320915699,0.2916666716337204,0.5575199723243713,0.3685648739337921,0.019222231581807137,0.9926544427871704,0.125,0.28125
85,0.6076342463493347,1.87062406539917,0.576778382062912,0.17847709357738495,0.4763321578502655,3.2231078147888184,12.268245697021484,0.44339901208877563,0.24177706986665726,0.062084898352622986,1.0,0.0,0.046875,0.041666666666666664,0.556973785161972,0.36603496968746185,0.025466959923505783,0.9891470074653625,0.109375,0.2864583283662796,0.5357505679130554,0.3635823130607605,0.017745837569236755,0.9910783171653748,0.1354166716337204,0.3020833432674408
86,0.44850657880306244,2.3227319717407227,0.7476330399513245,0.14904062822461128,0.28369855880737305,3.819549798965454,12.288187980651855,0.42948465049266815,0.23511574417352676,0.032785819843411446,1.0,0.02083333395421505,0.036458333022892475,0.03125,0.5348135530948639,0.36226949095726013,0.02220422402024269,0.9884544610977173,0.1145833320915699,0.296875,0.5153992176055908,0.36622869968414307,0.017576660960912704,0.9879785776138306,0.15625,0.3229166567325592
87,0.36710745096206665,2.1493606567382812,0.686234176158905,0.1187061071395874,0.3909984230995178,2.5346869230270386,12.774748802185059,0.42829667031764984,0.23466923832893372,0.04995379038155079,1.0,0.010416666977107525,0.046875,0.03125,0.5161080956459045,0.3631260544061661,0.016446946188807487,0.9894444942474365,0.1406250037252903,0.3125,0.5054915547370911,0.3605664372444153,0.018040720373392105,0.9867890477180481,0.1458333283662796,0.3020833432674408
88,0.49049103260040283,1.736893653869629,0.6910436451435089,0.18231745809316635,0.6763808727264404,3.2788471579551697,14.5726318359375,0.46739836037158966,0.2397560551762581,0.060678521171212196,1.0,0.0,0.05729166604578495,0.026041666666666664,0.5014121830463409,0.36682020127773285,0.015707728918641806,0.9894073903560638,0.1614583358168602,0.3229166716337204,0.49619564414024353,0.36900901794433594,0.011793604120612144,0.990040123462677,0.15625,0.3229166567325592
89,0.7480122148990631,1.9410682916641235,0.6186586320400238,0.22208897024393082,0.5349721908569336,5.482300162315369,14.15181827545166,0.4595481902360916,0.2574021890759468,0.052949558943510056,1.0,0.0052083334885537624,0.046875,0.04166666666666667,0.4960244297981262,0.3682374209165573,0.014722915366292,0.9886044561862946,0.1614583358168602,0.3229166716337204,0.49778032302856445,0.3763628304004669,0.014890399761497974,0.9859241247177124,0.1666666716337204,0.3333333432674408
90,0.6836414933204651,2.0687549114227295,0.5916367471218109,0.1743229627609253,0.4292652904987335,4.49560010433197,13.159422874450684,0.44832490384578705,0.2536669671535492,0.042535800486803055,1.0,0.015625,0.05729166604578495,0.026041666666666664,0.4942570924758911,0.38265980780124664,0.01255044573917985,0.9885237216949463,0.1614583358168602,0.3229166716337204,0.49936941266059875,0.39635297656059265,0.010217249393463135,0.9902544617652893,0.1666666716337204,0.3333333432674408
91,0.8939921855926514,1.5988494157791138,0.4959671348333359,0.1855928599834442,0.5599756836891174,3.358063220977783,12.367290496826172,0.47107072174549103,0.25170085579156876,0.06508911028504372,1.0,0.010416666977107525,0.036458333022892475,0.026041666666666664,0.4994274228811264,0.39472249150276184,0.011224547401070595,0.9889442026615143,0.1666666716337204,0.328125,0.5031061768531799,0.4258767366409302,0.006870854180306196,0.9924196600914001,0.1875,0.3125
92,0.6497739553451538,1.9062739610671997,0.6144267916679382,0.19318805634975433,0.2750272750854492,3.8140124082565308,7.757944583892822,0.44767332077026367,0.24468961358070374,0.031835200265049934,1.0,0.010416666977107525,0.026041666977107525,0.015625,0.5038847327232361,0.41794203221797943,0.009469560580328107,0.9896558225154877,0.1822916716337204,0.328125,0.5051221251487732,0.4428303837776184,0.004778096452355385,0.9938619136810303,0.25,0.3333333432674408
93,0.5454854071140289,1.898926019668579,0.6527561545372009,0.15224698185920715,0.202100932598114,1.8478765487670898,4.831279277801514,0.4329531192779541,0.2571791186928749,0.04547683149576187,0.9983417689800262,0.010416666977107525,0.03645833348855376,0.026041666666666668,0.5053333342075348,0.4429638534784317,0.006346654612571001,0.9922671914100647,0.2239583358168602,0.3333333432674408,0.5054094791412354,0.4621874690055847,0.004974266979843378,0.9919684529304504,0.28125,0.34375
94,0.40552273392677307,1.953444480895996,0.7593072354793549,0.17609204351902008,0.1643163561820984,1.3215137124061584,2.9014647006988525,0.444074809551239,0.24674976617097855,0.03396903071552515,1.0,0.015625000465661287,0.026041666977107525,0.026041666666666664,0.5052531957626343,0.4629412740468979,0.004111643880605698,0.9937021136283875,0.2916666567325592,0.375,0.5045148730278015,0.47079455852508545,0.0026158492546528578,0.9946857690811157,0.34375,0.4583333432674408
95,0.18120865523815155,2.5018625259399414,0.874629408121109,0.09616579860448837,0.08920933306217194,0.7368590533733368,1.5187392234802246,0.4374261498451233,0.2577904909849167,0.05330082029104233,1.0,0.010416666977107525,0.031250000931322575,0.020833333333333332,0.50430828332901,0.4735874831676483,0.0027620618930086493,0.9940820932388306,0.3854166716337204,0.4791666716337204,0.5013311505317688,0.4811553657054901,0.004285317845642567,0.9876103401184082,0.4895833432674408,0.5
96,0.15325573831796646,2.5210766792297363,0.89545738697052,0.07407825067639351,0.08922727406024933,0.8782429099082947,1.4771324396133423,0.43403325974941254,0.2509986013174057,0.04874381981790066,1.0,0.010416666977107525,0.0520833320915699,0.03645833333333333,0.5012387335300446,0.48171620070934296,0.001750111870933324,0.9942271411418915,0.4739583283662796,0.4947916716337204,0.4968836009502411,0.4758123755455017,0.003481463296338916,0.9941927790641785,0.5,0.4583333432674408
97,0.17244348675012589,2.473679542541504,0.9166685342788696,0.11391058936715126,0.10139590501785278,1.200854778289795,2.0455238819122314,0.4519047141075134,0.25043725967407227,0.03733648918569088,1.0,0.010416666977107525,0.0572916679084301,0.03125,0.49694597721099854,0.4750378131866455,0.0035469060530886054,0.9938195645809174,0.4635416567325592,0.4166666716337204,0.49084118008613586,0.46986183524131775,0.005603102967143059,0.9928131699562073,0.4895833432674408,0.2604166567325592
98,0.06440182775259018,3.1902787685394287,0.9600280523300171,0.04751317389309406,0.05603260546922684,0.5239491015672684,3.0075104236602783,0.43230119347572327,0.2527001351118088,0.0463350098580122,1.0,0.0052083334885537624,0.0677083320915699,0.03125,0.4907519519329071,0.4691784977912903,0.0037261253455653787,0.9949640035629272,0.46875,0.3125,0.47884973883628845,0.449499249458313,0.005284526385366917,0.9951131939888,0.40625,0.1666666716337204
99,0.0660080574452877,3.037741184234619,0.9493840634822845,0.04692215286195278,0.08507391065359116,0.40934906899929047,5.9009623527526855,0.4614505469799042,0.2412116825580597,0.056274401023983955,1.0,0.0052083334885537624,0.036458333022892475,0.026041666666666664,0.477644145488739,0.44961215555667877,0.005703015020117164,0.9943231046199799,0.4322916567325592,0.1666666716337204,0.45944902300834656,0.4213416874408722,0.010223982855677605,0.9908088445663452,0.2916666567325592,0.1666666716337204
100,0.04618469811975956,3.120729446411133,0.9751738607883453,0.04869725741446018,0.10656299442052841,0.3311871588230133,8.65402603149414,0.4582684338092804,0.23948900401592255,0.044024400413036346,1.0,0.010416666977107525,0.05729166604578495,0.052083333333333336,0.46237240731716156,0.4313144236803055,0.007526763482019305,0.9943302571773529,0.3645833283662796,0.1666666716337204,0.43900439143180847,0.3997651934623718,0.010120724327862263,0.992992639541626,0.25,0.1666666716337204
101,0.05660322308540344,3.330995798110962,0.9637072384357452,0.03938382677733898,0.10521471500396729,0.7014749646186829,11.779484748840332,0.42617641389369965,0.22079452872276306,0.033120821230113506,0.9241379499435425,0.015625000465661287,0.015625,0.0,0.43893736600875854,0.402848020195961,0.008657303173094988,0.9939564168453217,0.28125,0.1666666716337204,0.41495266556739807,0.36838629841804504,0.01520502008497715,0.9897379279136658,0.1666666716337204,0.15625
102,0.07011840119957924,3.116825819015503,0.9490549862384796,0.04475179314613342,0.19604848325252533,0.6179518401622772,16.727842330932617,0.4232521653175354,0.25464391708374023,0.03432644996792078,1.0,0.02083333395421505,0.05729166604578495,0.05208333333333333,0.4141329228878021,0.37290482223033905,0.014711909927427769,0.990863174200058,0.1927083358168602,0.1666666716337204,0.3890640437602997,0.34582647681236267,0.013328402303159237,0.9924895763397217,0.15625,0.1458333283662796
103,0.12103000283241272,2.766084909439087,0.9482020437717438,0.0738680437207222,0.3643542528152466,1.8576695024967194,21.436159133911133,0.4200626313686371,0.220012828707695,0.04320092871785164,1.0,0.015625000465661287,0.020833333488553762,0.020833333333333332,0.3883301615715027,0.34742607176303864,0.017901080194860697,0.9892414212226868,0.1510416641831398,0.1666666716337204,0.359445184469223,0.33325403928756714,0.023280270397663116,0.9874292016029358,0.1458333283662796,0.1666666716337204
104,0.1525573842227459,2.8181047439575195,0.9605412781238556,0.09911284036934376,0.29546743631362915,2.9850704669952393,19.58327293395996,0.4268513470888138,0.23029537498950958,0.04083232022821903,1.0,0.015625000465661287,0.026041667442768812,0.015625,0.3650701195001602,0.33118700981140137,0.02347871009260416,0.9864587187767029,0.1302083358168602,0.1666666716337204,0.33796408772468567,0.31965121626853943,0.02710524946451187,0.9872143268585205,0.1354166716337204,0.15625
105,0.27747661620378494,2.5269904136657715,0.8251043558120728,0.08637410402297974,0.3200307786464691,2.0025155544281006,19.102523803710938,0.45649905502796173,0.24337269365787506,0.035566870123147964,1.0,0.010416666977107525,0.04166666604578495,0.03125,0.338729128241539,0.3207051753997803,0.02635991293936968,0.987248420715332,0.1197916679084301,0.1666666716337204,0.31745168566703796,0.31404024362564087,0.028345374390482903,0.9877821803092957,0.09375,0.1666666716337204
106,0.36470329761505127,2.3008594512939453,0.8151210248470306,0.15689098089933395,0.35973304510116577,2.3050705790519714,18.4013614654541,0.47302135825157166,0.254721499979496,0.05548165924847126,1.0,0.0052083334885537624,0.0729166679084301,0.0625,0.31215257942676544,0.31700052320957184,0.025921237654983997,0.9894300401210785,0.1041666641831398,0.1614583358168602,0.28624770045280457,0.32084569334983826,0.022881070151925087,0.991319477558136,0.1354166716337204,0.1666666716337204
107,0.3007250726222992,2.2838687896728516,0.8308165669441223,0.1237088292837143,0.3133557438850403,2.5459169149398804,15.804900169372559,0.4491996020078659,0.24056801199913025,0.0497096311300993,1.0,0.0052083334885537624,0.031249999534338713,0.026041666666666664,0.2934360206127167,0.3159778118133545,0.02456494513899088,0.9904636740684509,0.1041666641831398,0.1666666716337204,0.27816203236579895,0.321340948343277,0.020650651305913925,0.9933146834373474,0.1145833358168602,0.1666666716337204
108,0.1688181385397911,2.6571860313415527,0.9139379262924194,0.11061165481805801,0.18158859014511108,1.9769973754882812,11.531454086303711,0.4242514967918396,0.2571517825126648,0.02589242998510599,1.0,0.015625000465661287,0.05208333395421505,0.046875,0.28126975893974304,0.31898124516010284,0.022759729996323586,0.9921855032444,0.1041666679084301,0.1666666716337204,0.28171294927597046,0.32092753052711487,0.040505439043045044,0.9866197109222412,0.0729166641831398,0.1666666716337204
109,0.2752849608659744,2.201084613800049,0.8348787426948547,0.10715088620781898,0.3585381805896759,2.016885757446289,15.00211238861084,0.43203845620155334,0.2525276020169258,0.03558298945426941,1.0,0.015625000465661287,0.036458333022892475,0.036458333333333336,0.27173592150211334,0.3272768557071686,0.024846399202942848,0.9929649531841278,0.1093750037252903,0.1666666716337204,0.2859978973865509,0.329620361328125,0.02314092591404915,0.9950207471847534,0.09375,0.1666666716337204
110,0.23745590448379517,2.418280601501465,0.9029370844364166,0.156965009868145,0.35295552015304565,2.810908794403076,16.861557006835938,0.45552773773670197,0.24725385010242462,0.06469487026333809,1.0,0.0,0.04166666558012366,0.036458333333333336,0.29056011140346527,0.3269892781972885,0.03674019314348698,0.99066561460495,0.078125,0.1666666716337204,0.3103162944316864,0.3348791301250458,0.03454270586371422,0.9902948141098022,0.0833333358168602,0.1666666716337204
111,0.20658788457512856,3.0952980518341064,0.8875121772289276,0.08928503654897213,0.1709814965724945,2.3760753870010376,16.110715866088867,0.3994513005018234,0.2392241582274437,0.025104870088398457,1.0,0.02083333395421505,0.031250000931322575,0.010416666666666666,0.311905175447464,0.33427873253822327,0.03616386279463768,0.9914600849151611,0.05729166604578495,0.1614583358168602,0.3372616469860077,0.3437651991844177,0.02791437692940235,0.9920440912246704,0.0416666679084301,0.1666666716337204
112,0.3747604042291641,1.920706033706665,0.7710588574409485,0.13101695850491524,0.5622573494911194,1.6541085243225098,24.964365005493164,0.4170041084289551,0.23142191022634506,0.04252897948026657,1.0,0.010416666977107525,0.04166666604578495,0.020833333333333332,0.335262656211853,0.3460417687892914,0.03026700485497713,0.9912380278110504,0.09375000186264515,0.1666666716337204,0.365741491317749,0.3526618480682373,0.03998163715004921,0.9827872514724731,0.0416666679084301,0.1458333283662796
113,0.38172440230846405,2.1505861282348633,0.8690113425254822,0.2212318368256092,0.40956130623817444,4.965848684310913,22.359880447387695,0.4543418437242508,0.25678596645593643,0.03227199986577034,1.0,0.015625000465661287,0.0625,0.03125,0.36245864629745483,0.35798946022987366,0.03259190171957016,0.9872956573963165,0.1093749962747097,0.1614583358168602,0.38926196098327637,0.36716601252555847,0.03165728971362114,0.9862126111984253,0.1041666641831398,0.1666666716337204
114,0.3309237211942673,2.4675040245056152,0.8078955411911011,0.10617727786302567,0.29720085859298706,3.1947808861732483,20.392045974731445,0.45735836029052734,0.2650150805711746,0.049361709505319595,1.0,0.010416666977107525,0.06770833395421505,0.03125,0.38840632140636444,0.3697519898414612,0.024255371652543545,0.9891086518764496,0.1666666641831398,0.1614583358168602,0.4153389036655426,0.3782154321670532,0.022993240505456924,0.9891805052757263,0.1979166716337204,0.1458333283662796
115,0.4804051071405411,1.6613730192184448,0.7168017327785492,0.18881002813577652,0.5530019998550415,2.0778051614761353,19.417943954467773,0.457264244556427,0.24547068774700165,0.04922885913401842,1.0,0.010416666977107525,0.03125,0.03125,0.4177563637495041,0.37115487456321716,0.023838374763727188,0.9885673522949219,0.1302083320915699,0.1510416641831398,0.44624197483062744,0.37302884459495544,0.021366555243730545,0.9862739443778992,0.15625,0.1145833358168602
116,0.411640465259552,2.234663963317871,0.8068420886993408,0.1830328330397606,0.34509527683258057,4.239104509353638,19.77613067626953,0.45734329521656036,0.2621786445379257,0.03928886912763119,1.0,0.015625000465661287,0.046875,0.026041666666666664,0.4451385587453842,0.37843601405620575,0.025363302789628506,0.9837934374809265,0.1510416679084301,0.140625,0.4746507704257965,0.37991780042648315,0.02475685253739357,0.9785382151603699,0.2083333283662796,0.1354166716337204
117,0.2692510187625885,2.620246171951294,0.8265634179115295,0.08259080722928047,0.25686147809028625,2.2142614126205444,18.47422981262207,0.45042428374290466,0.24489949643611908,0.04119822941720486,1.0,0.0052083334885537624,0.05729166604578495,0.03125,0.47408805787563324,0.3834747076034546,0.024461671710014343,0.9795620739459991,0.234375,0.1354166716337204,0.5027711987495422,0.37996605038642883,0.031642165035009384,0.9716799259185791,0.1770833283662796,0.1041666641831398
118,0.3278174065053463,3.13059139251709,0.8085780739784241,0.09055202826857567,0.168416827917099,1.5639759600162506,17.33342933654785,0.42785003781318665,0.23461930453777313,0.05200926959514618,1.0,0.0052083334885537624,0.03125,0.020833333333333332,0.5022078156471252,0.3747796416282654,0.025967990048229694,0.9753661155700684,0.1510416641831398,0.0833333358168602,0.5299956798553467,0.37354961037635803,0.03614860028028488,0.9580546617507935,0.1770833283662796,0.0416666679084301
119,0.2670072019100189,2.7155017852783203,0.8195547759532928,0.06978775560855865,0.3046177327632904,1.2553120851516724,23.038253784179688,0.4464080184698105,0.24084804207086563,0.051794858649373055,1.0,0.010416666977107525,0.03125,0.020833333333333332,0.529957503080368,0.37429726123809814,0.023365766741335392,0.971175342798233,0.1458333320915699,0.057291666977107525,0.5616376996040344,0.3876127004623413,0.02128916047513485,0.9635215997695923,0.2291666716337204,0.09375
120,0.24671624600887299,2.9786312580108643,0.8723277449607849,0.09374510124325752,0.19074884057044983,2.4603092670440674,20.891292572021484,0.4466427117586136,0.24767842143774033,0.038515519350767136,1.0,0.010416666977107525,0.03645833395421505,0.03125,0.5562416315078735,0.37525054812431335,0.024464583955705166,0.9605027139186859,0.1562500037252903,0.03645833348855376,0.580259382724762,0.38559433817863464,0.02792845293879509,0.9538859128952026,0.1875,0.02083333395421505
121,0.2735500931739807,3.0006368160247803,0.8208544254302979,0.050855549052357674,0.15474121272563934,1.7681796550750732,18.89145278930664,0.43569594621658325,0.24067773669958115,0.06582926027476788,1.0,0.0052083334885537624,0.03645833395421505,0.020833333333333332,0.5769625604152679,0.3792211562395096,0.031948755495250225,0.9494234025478363,0.1666666641831398,0.010416666977107525,0.5948488116264343,0.39033031463623047,0.01995868794620037,0.968080461025238,0.2083333283662796,0.02083333395421505
122,0.35618966817855835,1.782629370689392,0.8077106177806854,0.13592750951647758,0.4590398967266083,1.3884890675544739,19.887910842895508,0.46037253737449646,0.22607776522636414,0.058586299419403076,0.9761693179607391,0.0052083334885537624,0.031249999534338713,0.015625,0.5935612618923187,0.3884133994579315,0.031574998050928116,0.9515692889690399,0.1822916679084301,0.02083333395421505,0.6025190949440002,0.39295265078544617,0.028716471046209335,0.959274411201477,0.2291666716337204,0.0416666679084301
123,0.34589745104312897,2.731793165206909,0.8723231256008148,0.1514580212533474,0.20563070476055145,4.522176265716553,17.96845245361328,0.4512096494436264,0.23651478439569473,0.048093938268721104,1.0,0.010416666977107525,0.046875,0.03645833333333333,0.6005708575248718,0.3889610171318054,0.026778864674270153,0.961866557598114,0.1614583358168602,0.03125,0.6029379963874817,0.39316731691360474,0.026677820831537247,0.9649143218994141,0.1354166716337204,0.0416666679084301
124,0.554309219121933,2.823699951171875,0.6414664089679718,0.06198876164853573,0.21649938821792603,3.0387632846832275,20.94972038269043,0.43851831555366516,0.2559604048728943,0.07263647019863129,1.0,0.0,0.0677083320915699,0.057291666666666664,0.5982308387756348,0.38420313596725464,0.031597974710166454,0.9593085050582886,0.1145833358168602,0.026041667442768812,0.5906111598014832,0.37819889187812805,0.040544264018535614,0.9528270363807678,0.0625,0.02083333395421505
125,0.40065446496009827,1.786844253540039,0.77399742603302,0.15732332319021225,0.6208431720733643,1.6442522406578064,29.279001235961914,0.48278869688510895,0.2635963410139084,0.047345539554953575,1.0,0.010416666977107525,0.057291666977107525,0.05208333333333333,0.5944660604000092,0.3858676999807358,0.03062691166996956,0.9624055624008179,0.1510416716337204,0.046875,0.5814065337181091,0.3775167167186737,0.04032141715288162,0.9559829831123352,0.0416666679084301,0.02083333395421505
126,0.5857829451560974,2.006061553955078,0.8165127336978912,0.2618062309920788,0.5538908243179321,6.773770570755005,33.8519401550293,0.46217551827430725,0.26437391340732574,0.03575646970421076,1.0,0.026041667442768812,0.0729166679084301,0.052083333333333336,0.5823767185211182,0.3818535804748535,0.03662968799471855,0.9592495560646057,0.0833333320915699,0.04166666604578495,0.5670308470726013,0.37857764959335327,0.036512624472379684,0.9604909420013428,0.0416666679084301,0.02083333395421505
127,0.48986826837062836,2.6104767322540283,0.7254129350185394,0.13081102073192596,0.29238349199295044,4.1565335392951965,30.491695404052734,0.45147189497947693,0.24853233993053436,0.04125398024916649,1.0,0.015625000465661287,0.04166666604578495,0.026041666666666664,0.5654101967811584,0.373227596282959,0.040324095636606216,0.9557854533195496,0.026041666977107525,0.026041666977107525,0.5528643131256104,0.37152013182640076,0.04816098511219025,0.9515204429626465,0.010416666977107525,0.02083333395421505
128,0.7357892990112305,1.7992734909057617,0.6068700551986694,0.1538413241505623,0.5362058877944946,2.3151732683181763,31.874406814575195,0.4353947639465332,0.2689506411552429,0.039856281131505966,1.0,0.015625000465661287,0.031249999534338713,0.026041666666666664,0.5537227690219879,0.372282937169075,0.054088689386844635,0.9461492002010345,0.0,0.0,0.541486918926239,0.3819446861743927,0.04180376976728439,0.9606375694274902,0.010416666977107525,0.02083333395421505
129,0.6733801662921906,1.770612359046936,0.6593203842639923,0.23620303720235825,0.4527238607406616,4.0099568367004395,25.26190948486328,0.45664362609386444,0.2514742314815521,0.05622234009206295,1.0,0.0,0.03125,0.020833333333333332,0.5416094660758972,0.3716384470462799,0.05189845897257328,0.9513049423694611,0.015625,0.0364583320915699,0.5314651131629944,0.37161895632743835,0.047396089881658554,0.9616740942001343,0.010416666977107525,0.02083333395421505
130,0.6394961774349213,1.742031455039978,0.5781024396419525,0.18898779898881912,0.3934612274169922,3.12824809551239,20.75424575805664,0.47197918593883514,0.2521454691886902,0.06354818120598793,1.0,0.010416666977107525,0.03645833395421505,0.026041666666666664,0.5312226116657257,0.3748846799135208,0.06844298727810383,0.9439008831977844,0.0,0.0,0.5248904824256897,0.3674449026584625,0.08117353916168213,0.9433207511901855,0.0,0.0
131,0.41938164830207825,2.3896615505218506,0.7654377520084381,0.15828723460435867,0.18774911761283875,2.5313780903816223,18.091285705566406,0.4194889962673187,0.235022135078907,0.024510079994797707,1.0,0.02083333395421505,0.0416666679084301,0.03125,0.5241115987300873,0.3730650693178177,0.058794159442186356,0.960369199514389,0.0,0.020833333488553762,0.5187602639198303,0.3728950023651123,0.08422788977622986,0.9527761340141296,0.0,0.010416666977107525
132,0.3442188650369644,2.0400099754333496,0.7665164768695831,0.13383296132087708,0.2934766113758087,1.226894199848175,17.442779541015625,0.44491511583328247,0.23913630098104477,0.03969048894941807,1.0,0.010416666977107525,0.046875,0.03125,0.5189101994037628,0.37226980924606323,0.06965066120028496,0.9601204097270966,0.0,0.010416666977107525,0.5172266960144043,0.35297444462776184,0.08763645589351654,0.9602082967758179,0.0,0.03125
133,0.39327089488506317,1.9703476428985596,0.767324298620224,0.14125598222017288,0.3579975366592407,2.063020944595337,17.355253219604492,0.41949135065078735,0.23491770774126053,0.06389344111084938,1.0,0.010416666977107525,0.026041666977107525,0.020833333333333332,0.516668438911438,0.3587046265602112,0.09469402581453323,0.9560123383998871,0.0,0.010416666977107525,0.5152354836463928,0.34895753860473633,0.09018135815858841,0.9555770754814148,0.0,0.010416666977107525
134,0.45860913395881653,2.2750654220581055,0.7351880967617035,0.15398694574832916,0.2869269847869873,2.2344834208488464,16.842851638793945,0.45223045349121094,0.24769720435142517,0.06165331229567528,1.0,0.0,0.06249999813735485,0.041666666666666664,0.515060305595398,0.3486270010471344,0.08838379010558128,0.9563805758953094,0.0,0.020833333488553762,0.5160959362983704,0.3297138512134552,0.07741598784923553,0.9571076035499573,0.0,0.010416666977107525
135,0.5869786292314529,2.0398011207580566,0.6230426728725433,0.14247733354568481,0.4106886684894562,2.7213903665542603,18.487197875976562,0.44233065843582153,0.24397946894168854,0.02642884012311697,0.9693934917449951,0.020833333488553762,0.015625000465661287,0.0,0.5167481899261475,0.3249927908182144,0.07890920713543892,0.9554987251758575,0.0,0.015625000465661287,0.5182967782020569,0.31192973256111145,0.07210349291563034,0.9505969882011414,0.0,0.010416666977107525
136,0.591800719499588,1.7961924076080322,0.6617099940776825,0.23079199343919754,0.5058020949363708,2.910484194755554,18.347732543945312,0.4120231121778488,0.23319458216428757,0.04171477910131216,1.0,0.010416666977107525,0.03125,0.020833333333333332,0.5183663368225098,0.3013142794370651,0.07786368578672409,0.9453587234020233,0.0,0.0,0.5197616219520569,0.28982478380203247,0.061182040721178055,0.9511818885803223,0.0,0.010416666977107525
137,0.6742638349533081,2.0431628227233887,0.6515914797782898,0.2119073122739792,0.3731152415275574,3.1019049286842346,18.77328872680664,0.44142287969589233,0.2711804658174515,0.04325103014707565,1.0,0.010416666977107525,0.06770833395421505,0.041666666666666664,0.5208502411842346,0.2824193090200424,0.07098336890339851,0.9435287714004517,0.0,0.0,0.5219970345497131,0.26773035526275635,0.060492806136608124,0.9488600492477417,0.0,0.0
138,0.8283849656581879,1.5662909746170044,0.5650270581245422,0.19017186760902405,0.5473130941390991,1.7818740010261536,15.510273933410645,0.46448914706707,0.2680918723344803,0.04993132967501879,1.0,0.02083333395421505,0.0885416641831398,0.0625,0.5219601690769196,0.2662537097930908,0.06933540105819702,0.9417600929737091,0.0,0.0,0.5197629332542419,0.24520808458328247,0.06780881434679031,0.9379115700721741,0.0,0.0
139,0.9814326465129852,1.1647306680679321,0.45455195009708405,0.32666225731372833,0.7045588493347168,2.845633864402771,13.627720832824707,0.4309839457273483,0.2237851470708847,0.03881102055311203,1.0,0.0052083334885537624,0.031250000931322575,0.026041666666666664,0.520641565322876,0.24987459927797318,0.06641349196434021,0.9395982325077057,0.0,0.0,0.5194128155708313,0.23834337294101715,0.05417623370885849,0.9408669471740723,0.0,0.0
