step,loss_d,loss_g,score_real,score_fake_d,score_fake_g,grad_norm_d,grad_norm_g
1,1.3963003158569336,0.2976205050945282,0.479204386472702,0.48347747325897217,0.742583155632019,0.16022196412086487,0.03996219485998154
2,2.069866180419922,0.7689910531044006,0.751444935798645,0.831963837146759,0.46348047256469727,3.975327491760254,0.0027396786026656628
3,1.3877381086349487,1.2571732997894287,0.4658830761909485,0.464138388633728,0.2844589054584503,0.8479723930358887,0.016377806663513184
4,1.2497137784957886,0.2934490442276001,0.44684699177742004,0.3521519601345062,0.7466437220573425,0.7259024381637573,0.6550330519676208
5,2.4215312004089355,0.6932146549224854,0.8317710757255554,0.892652153968811,0.5006226897239685,5.81252908706665,4.622766971588135
6,1.7258055210113525,0.8057428002357483,0.6780617833137512,0.735893189907074,0.4468275308609009,2.660609722137451,0.07566928118467331
7,1.40059494972229,2.4523189067840576,0.4742851257324219,0.48023656010627747,0.08724105358123779,1.1091283559799194,0.2899339497089386
8,1.5200895071029663,1.156103491783142,0.29730239510536194,0.24393686652183533,0.3197409510612488,1.4736897945404053,1.605230689048767
9,1.219543218612671,2.371671676635742,0.48138779401779175,0.38311901688575745,0.10089059919118881,0.6311139464378357,0.8748108744621277
10,1.721000075340271,0.49908289313316345,0.23486007750034332,0.18801680207252502,0.6140896677970886,2.9721837043762207,0.07449285686016083
11,1.5829741954803467,0.4111630916595459,0.6206225752830505,0.6679394841194153,0.6630715727806091,1.9410629272460938,0.0947708860039711
12,1.7535357475280762,0.6742871999740601,0.6547455191612244,0.7339688539505005,0.5095226764678955,2.8632636070251465,0.02099735476076603
13,1.4045357704162598,0.7150083184242249,0.504570722579956,0.5134785771369934,0.48918798565864563,0.5521425008773804,0.00023283108021132648
14,1.386519193649292,0.7191517949104309,0.4892747402191162,0.4891541302204132,0.48716530203819275,0.07131299376487732,0.0001363980700261891
15,1.3867379426956177,0.7217713594436646,0.48727089166641235,0.48716580867767334,0.48589083552360535,0.05215104669332504,0.00023803998192306608
16,1.3866708278656006,0.7292746901512146,0.4860966205596924,0.4858876168727875,0.482258677482605,0.07220984995365143,0.0008446950814686716
17,1.379896879196167,0.7453984022140503,0.4860757291316986,0.48237550258636475,0.47454530000686646,0.12127663195133209,0.0024395484942942858
18,1.3724195957183838,0.7723819017410278,0.48439091444015503,0.4766712188720703,0.461911678314209,0.2001427263021469,0.010762260295450687
19,1.3554704189300537,0.8303671479225159,0.4803521931171417,0.46323519945144653,0.4359351098537445,0.3262311518192291,0.054105669260025024
20,1.375772476196289,0.7894521951675415,0.47823503613471985,0.4712882339954376,0.4557766318321228,0.08239791542291641,0.1309524029493332
21,1.389195203781128,1.7140028476715088,0.4823813736438751,0.4829196333885193,0.18045444786548615,0.737213134765625,0.2030363827943802
22,1.2648590803146362,4.8394975662231445,0.4371870756149292,0.34674155712127686,0.011225711554288864,0.851556122303009,2.0967659950256348
23,1.7841029167175293,0.7290871739387512,0.331815630197525,0.37290117144584656,0.483787477016449,1.9767236709594727,1.1434208154678345
24,1.392655372619629,0.6417126655578613,0.5341262817382812,0.5348925590515137,0.5263954997062683,0.12959200143814087,0.028003746643662453
25,1.3619731664657593,0.76459801197052,0.5357947945594788,0.5218952894210815,0.46563494205474854,0.3267320394515991,0.09107251465320587
26,1.346665382385254,0.8843182325363159,0.49640339612960815,0.4758422374725342,0.41314616799354553,0.2871091663837433,0.09274128079414368
27,1.3552213907241821,0.8543167114257812,0.4561617970466614,0.4335932433605194,0.4264174699783325,0.17964710295200348,0.17812347412109375
28,1.4487848281860352,1.3009369373321533,0.4739021360874176,0.5030596256256104,0.3093506991863251,1.0703861713409424,1.485604166984558
29,1.387973427772522,0.615254282951355,0.5493071675300598,0.5455646514892578,0.5405791401863098,0.14196497201919556,0.015729742124676704
30,1.4563255310058594,0.6376135945320129,0.5091605186462402,0.5385416746139526,0.5287377238273621,0.6281947493553162,0.06973572075366974
31,1.3640117645263672,0.6930286884307861,0.5417507290840149,0.5278459191322327,0.5003242492675781,0.3351948857307434,0.138009175658226
32,1.3727233409881592,0.9342366456985474,0.5175366401672363,0.508258581161499,0.3976038098335266,0.14664925634860992,0.2168278843164444
33,1.3670263290405273,0.8563177585601807,0.46456533670425415,0.4467931091785431,0.42580366134643555,0.1605931520462036,0.18596366047859192
34,1.4868190288543701,0.6985844373703003,0.42852288484573364,0.4687722325325012,0.4973389804363251,0.901667594909668,0.1259559690952301
35,1.468151330947876,0.6122059226036072,0.48669949173927307,0.5262313485145569,0.5421536564826965,0.8820664882659912,0.006156315561383963
36,1.3980145454406738,0.5761723518371582,0.5407295823097229,0.5430461764335632,0.562047004699707,0.41245773434638977,0.05298621207475662
37,1.4035556316375732,0.5912336111068726,0.5664266347885132,0.5661469101905823,0.5536457896232605,0.26561903953552246,0.036294084042310715
38,1.4014604091644287,0.6423887014389038,0.5572633147239685,0.558045506477356,0.5260376930236816,0.24369676411151886,0.024573776870965958
39,1.3778655529022217,0.6685431003570557,0.5376675128936768,0.5310067534446716,0.5124545693397522,0.17619095742702484,0.0
40,1.3805886507034302,0.6799192428588867,0.5157279968261719,0.5124545693397522,0.506658673286438,0.1958169788122177,0.007867807522416115
41,1.3665220737457275,0.6897284984588623,0.5227137207984924,0.5120430588722229,0.5017158389091492,0.22818736732006073,0.02784976176917553
42,1.4285049438476562,0.675577700138092,0.5130945444107056,0.5310992002487183,0.5090966820716858,0.46188172698020935,0.023676544427871704
43,1.423546552658081,0.7088336944580078,0.4979543387889862,0.5160422325134277,0.4922179579734802,0.47597572207450867,0.0
44,1.3865365982055664,0.7105052471160889,0.4922179579734802,0.4922179579734802,0.4913959205150604,0.01556408405303955,0.0
45,1.3865907192230225,0.7092424035072327,0.4913959205150604,0.4913959205150604,0.4920167624950409,0.017208129167556763,0.0
46,1.3865492343902588,0.7066315412521362,0.4920167624950409,0.4920167624950409,0.493303120136261,0.0159665048122406,0.0
47,1.3864738941192627,0.703646183013916,0.493303120136261,0.493303120136261,0.49477794766426086,0.013393640518188477,0.0
48,1.3864035606384277,0.7008300423622131,0.49477794766426086,0.49477794766426086,0.49617335200309753,0.01044413447380066,0.0
49,1.3863530158996582,0.6984416246414185,0.49617335200309753,0.49617335200309753,0.4973597228527069,0.007653325796127319,0.0
50,1.3863221406936646,0.6965636610984802,0.4973597228527069,0.4973597228527069,0.49829477071762085,0.005280584096908569,0.0
51,1.3863060474395752,0.6951774954795837,0.49829477071762085,0.49829477071762085,0.49898582696914673,0.0034104585647583008,0.0
52,1.3862985372543335,0.6942148804664612,0.49898582696914673,0.49898582696914673,0.4994663894176483,0.002028346061706543,0.0
53,1.3862954378128052,0.6935892701148987,0.4994663894176483,0.4994663894176483,0.49977895617485046,0.0010671913623809814,0.0
54,1.3862943649291992,0.6932153105735779,0.49977895617485046,0.49977895617485046,0.4999659061431885,0.00044205784797668457,0.0
55,1.3862943649291992,0.6930174231529236,0.4999659061431885,0.4999659061431885,0.5000648498535156,6.818771362304688e-05,0.0
56,1.3862943649291992,0.692935049533844,0.5000648498535156,0.5000648498535156,0.5001060366630554,0.00012969970703125,0.0
57,1.3862943649291992,0.6929223537445068,0.5001060366630554,0.5001060366630554,0.5001124739646912,0.00021210312843322754,0.0
58,1.3862944841384888,0.6929468512535095,0.5001124739646912,0.5001124739646912,0.5001001954078674,0.00022494792938232422,0.0
59,1.3862946033477783,0.6929868459701538,0.5001001954078674,0.5001001954078674,0.5000801682472229,0.00020036101341247559,0.0
60,1.3862943649291992,0.6930293440818787,0.5000801682472229,0.5000801682472229,0.5000588893890381,0.00016030669212341309,0.0
61,1.3862943649291992,0.6930674910545349,0.5000588893890381,0.5000588893890381,0.5000398755073547,0.00011777877807617188,0.0
62,1.3862943649291992,0.6930979490280151,0.5000398755073547,0.5000398755073547,0.5000246167182922,7.972121238708496e-05,0.0
63,1.3862943649291992,0.6931203603744507,0.5000246167182922,0.5000246167182922,0.5000134110450745,4.920363426208496e-05,0.0
64,1.3862943649291992,0.6931354999542236,0.5000134110450745,0.5000134110450745,0.5000057816505432,2.6792287826538086e-05,0.0
65,1.3862943649291992,0.6931447982788086,0.5000057816505432,0.5000057816505432,0.5000011920928955,1.1563301086425781e-05,0.0
66,1.3862943649291992,0.6931499242782593,0.5000011920928955,0.5000011920928955,0.49999862909317017,2.384185791015625e-06,0.0
67,1.3862943649291992,0.6931520104408264,0.49999862909317017,0.49999862909317017,0.499997615814209,2.7418136596679688e-06,0.0
68,1.3862943649291992,0.6931523680686951,0.499997615814209,0.499997615814209,0.4999973773956299,4.76837158203125e-06,0.0
69,1.3862943649291992,0.6931518316268921,0.4999973773956299,0.4999973773956299,0.49999767541885376,5.245208740234375e-06,0.0
70,1.3862943649291992,0.6931507587432861,0.49999767541885376,0.49999767541885376,0.49999815225601196,4.649162292480469e-06,0.0
71,1.3862942457199097,0.6931496262550354,0.49999815225601196,0.49999815225601196,0.4999987781047821,3.6954879760742188e-06,0.0
72,1.3862943649291992,0.6931487321853638,0.4999987781047821,0.4999987781047821,0.49999910593032837,2.473592758178711e-06,0.0
73,1.3862943649291992,0.6931480765342712,0.49999910593032837,0.49999910593032837,0.4999995231628418,1.7881393432617188e-06,0.0
74,1.3862943649291992,0.693147599697113,0.4999995231628418,0.4999995231628418,0.4999997913837433,9.5367431640625e-07,0.0
75,1.3862943649291992,0.6931471824645996,0.4999997913837433,0.4999997913837433,0.5,3.8743019104003906e-07,0.0
76,1.3862943649291992,0.6931471228599548,0.5,0.5,0.5000000596046448,0.0,0.0
77,1.3862943649291992,0.6931469440460205,0.5000000596046448,0.5000000596046448,0.5000000596046448,8.940696716308594e-08,0.0
78,1.3862942457199097,0.6931469440460205,0.5000000596046448,0.5000000596046448,0.5000000596046448,1.1920928955078125e-07,0.0
79,1.3862942457199097,0.6931469440460205,0.5000000596046448,0.5000000596046448,0.5000000596046448,1.1920928955078125e-07,0.0
80,1.3862942457199097,0.6931470632553101,0.5000000596046448,0.5000000596046448,0.5000000596046448,1.1920928955078125e-07,0.0
81,1.3862943649291992,0.6931470632553101,0.5000000596046448,0.5000000596046448,0.5000000596046448,1.1920928955078125e-07,0.0
82,1.3862943649291992,0.6931471228599548,0.5000000596046448,0.5000000596046448,0.5000000596046448,8.940696716308594e-08,0.0
83,1.3862943649291992,0.6931471228599548,0.5000000596046448,0.5000000596046448,0.5000000596046448,8.940696716308594e-08,0.0
84,1.3862943649291992,0.6931471228599548,0.5000000596046448,0.5000000596046448,0.5000000596046448,8.940696716308594e-08,0.0
85,1.3862943649291992,0.6931471228599548,0.5000000596046448,0.5000000596046448,0.5,8.940696716308594e-08,0.0
86,1.3862943649291992,0.6931471824645996,0.5,0.5,0.5,0.0,0.0
87,1.3862943649291992,0.6931471824645996,0.5,0.5,0.5,0.0,0.0
88,1.3862943649291992,0.6931471824645996,0.5,0.5,0.5,0.0,0.0
89,1.3862943649291992,0.6931471824645996,0.5,0.5,0.5,0.0,0.0
90,1.3862943649291992,0.6931471824645996,0.5,0.5,0.5,0.0,0.0
91,1.3862943649291992,0.6931471824645996,0.5,0.5,0.5,0.0,0.0
92,1.3862943649291992,0.6931471824645996,0.5,0.5,0.5,0.0,0.0
93,1.3862943649291992,0.6931471824645996,0.5,0.5,0.5,0.0,0.0
94,1.3862943649291992,0.6931471824645996,0.5,0.5,0.5,0.0,0.0
95,1.3862943649291992,0.6931471824645996,0.5,0.5,0.5,0.0,0.0
96,1.3862943649291992,0.6931471824645996,0.5,0.5,0.5,0.0,0.0
97,1.3862943649291992,0.6931471824645996,0.5,0.5,0.5,0.0,0.0
98,1.3862943649291992,0.6931471824645996,0.5,0.5,0.5,0.0,0.0
99,1.3862943649291992,0.6931471824645996,0.5,0.5,0.5,0.0,0.0
100,1.3862943649291992,0.6931471824645996,0.5,0.5,0.5,0.0,0.0
101,1.3862943649291992,0.6931471824645996,0.5,0.5,0.5,0.0,0.0
102,1.3862943649291992,0.6931471824645996,0.5,0.5,0.5,0.0,0.0
103,1.3862943649291992,0.6931471824645996,0.5,0.5,0.5,0.0,0.0
104,1.3862943649291992,0.6931471824645996,0.5,0.5,0.5,0.0,0.0
105,1.3862943649291992,0.6931471824645996,0.5,0.5,0.5,0.0,0.0
106,1.3862943649291992,0.6931471824645996,0.5,0.5,0.5,0.0,0.0
107,1.3862943649291992,0.6931471824645996,0.5,0.5,0.5,0.0,0.0
108,1.3862943649291992,0.6931471824645996,0.5,0.5,0.5,0.0,0.0
109,1.3862943649291992,0.6931471824645996,0.5,0.5,0.5,0.0,0.0
110,1.3862943649291992,0.6931471824645996,0.5,0.5,0.5,0.0,0.0
111,1.3862943649291992,0.6931471824645996,0.5,0.5,0.5,0.0,0.0
112,1.3862943649291992,0.6931471824645996,0.5,0.5,0.5,0.0,0.0
113,1.3862943649291992,0.6931471824645996,0.5,0.5,0.5,0.0,0.0
114,1.3862943649291992,0.6931471824645996,0.5,0.5,0.5,0.0,0.0
115,1.3862943649291992,0.6931471824645996,0.5,0.5,0.5,0.0,0.0
116,1.3862943649291992,0.6931471824645996,0.5,0.5,0.5,0.0,0.0
117,1.3862943649291992,0.6931471824645996,0.5,0.5,0.5,0.0,0.0
118,1.3862943649291992,0.6931471824645996,0.5,0.5,0.5,0.0,0.0
119,1.3862943649291992,0.6931471824645996,0.5,0.5,0.5,0.0,0.0
120,1.3862943649291992,0.6931471824645996,0.5,0.5,0.5,0.0,0.0
121,1.3862943649291992,0.6931471824645996,0.5,0.5,0.5,0.0,0.0
122,1.3862943649291992,0.6931471824645996,0.5,0.5,0.5,0.0,0.0
123,1.3862943649291992,0.6931471824645996,0.5,0.5,0.5,0.0,0.0
124,1.3862943649291992,0.6931471824645996,0.5,0.5,0.5,0.0,0.0
125,1.3862943649291992,0.6931471824645996,0.5,0.5,0.5,0.0,0.0
126,1.3862943649291992,0.6931471824645996,0.5,0.5,0.5,0.0,0.0
127,1.3862943649291992,0.6931471824645996,0.5,0.5,0.5,0.0,0.0
128,1.3862943649291992,0.6931471824645996,0.5,0.5,0.5,0.0,0.0
129,1.3862943649291992,0.6931471824645996,0.5,0.5,0.5,0.0,0.0
130,1.3862943649291992,0.6931471824645996,0.5,0.5,0.5,0.0,0.0
131,1.3862943649291992,0.6931471824645996,0.5,0.5,0.5,0.0,0.0
132,1.3862943649291992,0.6931471824645996,0.5,0.5,0.5,0.0,0.0
133,1.3862943649291992,0.6931471824645996,0.5,0.5,0.5,0.0,0.0
134,1.3862943649291992,0.6931471824645996,0.5,0.5,0.5,0.0,0.0
135,1.3862943649291992,0.6931471824645996,0.5,0.5,0.5,0.0,0.0
136,1.3862943649291992,0.6931471824645996,0.5,0.5,0.5,0.0,0.0
137,1.3862943649291992,0.6931471824645996,0.5,0.5,0.5,0.0,0.0
138,1.3862943649291992,0.6931471824645996,0.5,0.5,0.5,0.0,0.0
139,1.3862943649291992,0.6931471824645996,0.5,0.5,0.5,0.0,0.0
140,1.3862943649291992,0.6931471824645996,0.5,0.5,0.5,0.0,0.0
141,1.3862943649291992,0.6931471824645996,0.5,0.5,0.5,0.0,0.0
142,1.3862943649291992,0.6931471824645996,0.5,0.5,0.5,0.0,0.0
143,1.3862943649291992,0.6931471824645996,0.5,0.5,0.5,0.0,0.0
144,1.3862943649291992,0.6931471824645996,0.5,0.5,0.5,0.0,0.0
145,1.3862943649291992,0.6931471824645996,0.5,0.5,0.5,0.0,0.0
146,1.3862943649291992,0.6931471824645996,0.5,0.5,0.5,0.0,0.0
147,1.3862943649291992,0.6931471824645996,0.5,0.5,0.5,0.0,0.0
148,1.3862943649291992,0.6931471824645996,0.5,0.5,0.5,0.0,0.0
149,1.3862943649291992,0.6931471824645996,0.5,0.5,0.5,0.0,0.0
150,1.3862943649291992,0.6931471824645996,0.5,0.5,0.5,0.0,0.0
151,1.3862943649291992,0.6931471824645996,0.5,0.5,0.5,0.0,0.0
152,1.3862943649291992,0.6931471824645996,0.5,0.5,0.5,0.0,0.0
153,1.3862943649291992,0.6931471824645996,0.5,0.5,0.5,0.0,0.0
154,1.3862943649291992,0.6931471824645996,0.5,0.5,0.5,0.0,0.0
155,1.3862943649291992,0.6931471824645996,0.5,0.5,0.5,0.0,0.0
156,1.3862943649291992,0.6931471824645996,0.5,0.5,0.5,0.0,0.0
157,1.3862943649291992,0.6931471824645996,0.5,0.5,0.5,0.0,0.0
158,1.3862943649291992,0.6931471824645996,0.5,0.5,0.5,0.0,0.0
159,1.3862943649291992,0.6931471824645996,0.5,0.5,0.5,0.0,0.0
160,1.3862943649291992,0.6931471824645996,0.5,0.5,0.5,0.0,0.0
161,1.3862943649291992,0.6931471824645996,0.5,0.5,0.5,0.0,0.0
162,1.3862943649291992,0.6931471824645996,0.5,0.5,0.5,0.0,0.0
163,1.3862943649291992,0.6931471824645996,0.5,0.5,0.5,0.0,0.0
164,1.3862943649291992,0.6931471824645996,0.5,0.5,0.5,0.0,0.0
165,1.3862943649291992,0.6931471824645996,0.5,0.5,0.5,0.0,0.0
166,1.3862943649291992,0.6931471824645996,0.5,0.5,0.5,0.0,0.0
167,1.3862943649291992,0.6931471824645996,0.5,0.5,0.5,0.0,0.0
168,1.3862943649291992,0.6931471824645996,0.5,0.5,0.5,0.0,0.0
169,1.3862943649291992,0.6931471824645996,0.5,0.5,0.5,0.0,0.0
170,1.3862943649291992,0.6931471824645996,0.5,0.5,0.5,0.0,0.0
171,1.3862943649291992,0.6931471824645996,0.5,0.5,0.5,0.0,0.0
172,1.3862943649291992,0.6931471824645996,0.5,0.5,0.5,0.0,0.0
173,1.3862943649291992,0.6931471824645996,0.5,0.5,0.5,0.0,0.0
174,1.3862943649291992,0.6931471824645996,0.5,0.5,0.5,0.0,0.0
175,1.3862943649291992,0.6931471824645996,0.5,0.5,0.5,0.0,0.0
176,1.3862943649291992,0.6931471824645996,0.5,0.5,0.5,0.0,0.0
177,1.3862943649291992,0.6931471824645996,0.5,0.5,0.5,0.0,0.0
178,1.3862943649291992,0.6931471824645996,0.5,0.5,0.5,0.0,0.0
179,1.3862943649291992,0.6931471824645996,0.5,0.5,0.5,0.0,0.0
180,1.3862943649291992,0.6931471824645996,0.5,0.5,0.5,0.0,0.0
181,1.3862943649291992,0.6931471824645996,0.5,0.5,0.5,0.0,0.0
182,1.3862943649291992,0.6931471824645996,0.5,0.5,0.5,0.0,0.0
183,1.3862943649291992,0.6931471824645996,0.5,0.5,0.5,0.0,0.0
184,1.3862943649291992,0.6931471824645996,0.5,0.5,0.5,0.0,0.0
185,1.3862943649291992,0.6931471824645996,0.5,0.5,0.5,0.0,0.0
186,1.3862943649291992,0.6931471824645996,0.5,0.5,0.5,0.0,0.0
187,1.3862943649291992,0.6931471824645996,0.5,0.5,0.5,0.0,0.0
188,1.3862943649291992,0.6931471824645996,0.5,0.5,0.5,0.0,0.0
189,1.3862943649291992,0.6931471824645996,0.5,0.5,0.5,0.0,0.0
190,1.3862943649291992,0.6931471824645996,0.5,0.5,0.5,0.0,0.0
191,1.3862943649291992,0.6931471824645996,0.5,0.5,0.5,0.0,0.0
192,1.3862943649291992,0.6931471824645996,0.5,0.5,0.5,0.0,0.0
193,1.3862943649291992,0.6931471824645996,0.5,0.5,0.5,0.0,0.0
194,1.3862943649291992,0.6931471824645996,0.5,0.5,0.5,0.0,0.0
195,1.3862943649291992,0.6931471824645996,0.5,0.5,0.5,0.0,0.0
196,1.3862943649291992,0.6931471824645996,0.5,0.5,0.5,0.0,0.0
197,1.3862943649291992,0.6931471824645996,0.5,0.5,0.5,0.0,0.0
198,1.3862943649291992,0.6931471824645996,0.5,0.5,0.5,0.0,0.0
199,1.3862943649291992,0.6931471824645996,0.5,0.5,0.5,0.0,0.0
200,1.3862943649291992,0.6931471824645996,0.5,0.5,0.5,0.0,0.0
201,1.3862943649291992,0.6931471824645996,0.5,0.5,0.5,0.0,0.0
202,1.3862943649291992,0.6931471824645996,0.5,0.5,0.5,0.0,0.0
203,1.3862943649291992,0.6931471824645996,0.5,0.5,0.5,0.0,0.0
204,1.3862943649291992,0.6931471824645996,0.5,0.5,0.5,0.0,0.0
205,1.3862943649291992,0.6931471824645996,0.5,0.5,0.5,0.0,0.0
206,1.3862943649291992,0.6931471824645996,0.5,0.5,0.5,0.0,0.0
207,1.3862943649291992,0.6931471824645996,0.5,0.5,0.5,0.0,0.0
208,1.3862943649291992,0.6931471824645996,0.5,0.5,0.5,0.0,0.0
209,1.3862943649291992,0.6931471824645996,0.5,0.5,0.5,0.0,0.0
210,1.3862943649291992,0.6931471824645996,0.5,0.5,0.5,0.0,0.0
211,1.3862943649291992,0.6931471824645996,0.5,0.5,0.5,0.0,0.0
212,1.3862943649291992,0.6931471824645996,0.5,0.5,0.5,0.0,0.0
213,1.3862943649291992,0.6931471824645996,0.5,0.5,0.5,0.0,0.0
214,1.3862943649291992,0.6931471824645996,0.5,0.5,0.5,0.0,0.0
215,1.3862943649291992,0.6931471824645996,0.5,0.5,0.5,0.0,0.0
216,1.3862943649291992,0.6931471824645996,0.5,0.5,0.5,0.0,0.0
217,1.3862943649291992,0.6931471824645996,0.5,0.5,0.5,0.0,0.0
218,1.3862943649291992,0.6931471824645996,0.5,0.5,0.5,0.0,0.0
219,1.3862943649291992,0.6931471824645996,0.5,0.5,0.5,0.0,0.0
220,1.3862943649291992,0.6931471824645996,0.5,0.5,0.5,0.0,0.0
221,1.3862943649291992,0.6931471824645996,0.5,0.5,0.5,0.0,0.0
222,1.3862943649291992,0.6931471824645996,0.5,0.5,0.5,0.0,0.0
223,1.3862943649291992,0.6931471824645996,0.5,0.5,0.5,0.0,0.0
224,1.3862943649291992,0.6931471824645996,0.5,0.5,0.5,0.0,0.0
225,1.3862943649291992,0.6931471824645996,0.5,0.5,0.5,0.0,0.0
226,1.3862943649291992,0.6931471824645996,0.5,0.5,0.5,0.0,0.0
227,1.3862943649291992,0.6931471824645996,0.5,0.5,0.5,0.0,0.0
228,1.3862943649291992,0.6931471824645996,0.5,0.5,0.5,0.0,0.0
229,1.3862943649291992,0.6931471824645996,0.5,0.5,0.5,0.0,0.0
230,1.3862943649291992,0.6931471824645996,0.5,0.5,0.5,0.0,0.0
231,1.3862943649291992,0.6931471824645996,0.5,0.5,0.5,0.0,0.0
232,1.3862943649291992,0.6931471824645996,0.5,0.5,0.5,0.0,0.0
233,1.3862943649291992,0.6931471824645996,0.5,0.5,0.5,0.0,0.0
234,1.3862943649291992,0.6931471824645996,0.5,0.5,0.5,0.0,0.0
235,1.3862943649291992,0.6931471824645996,0.5,0.5,0.5,0.0,0.0
236,1.3862943649291992,0.6931471824645996,0.5,0.5,0.5,0.0,0.0
237,1.3862943649291992,0.6931471824645996,0.5,0.5,0.5,0.0,0.0
238,1.3862943649291992,0.6931471824645996,0.5,0.5,0.5,0.0,0.0
239,1.3862943649291992,0.6931471824645996,0.5,0.5,0.5,0.0,0.0
240,1.3862943649291992,0.6931471824645996,0.5,0.5,0.5,0.0,0.0
241,1.3862943649291992,0.6931471824645996,0.5,0.5,0.5,0.0,0.0
242,1.3862943649291992,0.6931471824645996,0.5,0.5,0.5,0.0,0.0
243,1.3862943649291992,0.6931471824645996,0.5,0.5,0.5,0.0,0.0
244,1.3862943649291992,0.6931471824645996,0.5,0.5,0.5,0.0,0.0
245,1.3862943649291992,0.6931471824645996,0.5,0.5,0.5,0.0,0.0
246,1.3862943649291992,0.6931471824645996,0.5,0.5,0.5,0.0,0.0
247,1.3862943649291992,0.6931471824645996,0.5,0.5,0.5,0.0,0.0
248,1.3862943649291992,0.6931471824645996,0.5,0.5,0.5,0.0,0.0
249,1.3862943649291992,0.6931471824645996,0.5,0.5,0.5,0.0,0.0
250,1.3862943649291992,0.6931471824645996,0.5,0.5,0.5,0.0,0.0
251,1.3862943649291992,0.6931471824645996,0.5,0.5,0.5,0.0,0.0
252,1.3862943649291992,0.6931471824645996,0.5,0.5,0.5,0.0,0.0
253,1.3862943649291992,0.6931471824645996,0.5,0.5,0.5,0.0,0.0
254,1.3862943649291992,0.6931471824645996,0.5,0.5,0.5,0.0,0.0
255,1.3862943649291992,0.6931471824645996,0.5,0.5,0.5,0.0,0.0
256,1.3862943649291992,0.6931471824645996,0.5,0.5,0.5,0.0,0.0
257,1.3862943649291992,0.6931471824645996,0.5,0.5,0.5,0.0,0.0
258,1.3862943649291992,0.6931471824645996,0.5,0.5,0.5,0.0,0.0
259,1.3862943649291992,0.6931471824645996,0.5,0.5,0.5,0.0,0.0
260,1.3862943649291992,0.6931471824645996,0.5,0.5,0.5,0.0,0.0
261,1.3862943649291992,0.6931471824645996,0.5,0.5,0.5,0.0,0.0
262,1.3862943649291992,0.6931471824645996,0.5,0.5,0.5,0.0,0.0
263,1.3862943649291992,0.6931471824645996,0.5,0.5,0.5,0.0,0.0
264,1.3862943649291992,0.6931471824645996,0.5,0.5,0.5,0.0,0.0
265,1.3862943649291992,0.6931471824645996,0.5,0.5,0.5,0.0,0.0
266,1.3862943649291992,0.6931471824645996,0.5,0.5,0.5,0.0,0.0
267,1.3862943649291992,0.6931471824645996,0.5,0.5,0.5,0.0,0.0
268,1.3862943649291992,0.6931471824645996,0.5,0.5,0.5,0.0,0.0
269,1.3862943649291992,0.6931471824645996,0.5,0.5,0.5,0.0,0.0
270,1.3862943649291992,0.6931471824645996,0.5,0.5,0.5,0.0,0.0
271,1.3862943649291992,0.6931471824645996,0.5,0.5,0.5,0.0,0.0
272,1.3862943649291992,0.6931471824645996,0.5,0.5,0.5,0.0,0.0
273,1.3862943649291992,0.6931471824645996,0.5,0.5,0.5,0.0,0.0
274,1.3862943649291992,0.6931471824645996,0.5,0.5,0.5,0.0,0.0
275,1.3862943649291992,0.6931471824645996,0.5,0.5,0.5,0.0,0.0
276,1.3862943649291992,0.6931471824645996,0.5,0.5,0.5,0.0,0.0
277,1.3862943649291992,0.6931471824645996,0.5,0.5,0.5,0.0,0.0
278,1.3862943649291992,0.6931471824645996,0.5,0.5,0.5,0.0,0.0
279,1.3862943649291992,0.6931471824645996,0.5,0.5,0.5,0.0,0.0
280,1.3862943649291992,0.6931471824645996,0.5,0.5,0.5,0.0,0.0
281,1.3862943649291992,0.6931471824645996,0.5,0.5,0.5,0.0,0.0
282,1.3862943649291992,0.6931471824645996,0.5,0.5,0.5,0.0,0.0
283,1.3862943649291992,0.6931471824645996,0.5,0.5,0.5,0.0,0.0
284,1.3862943649291992,0.6931471824645996,0.5,0.5,0.5,0.0,0.0
285,1.3862943649291992,0.6931471824645996,0.5,0.5,0.5,0.0,0.0
286,1.3862943649291992,0.6931471824645996,0.5,0.5,0.5,0.0,0.0
287,1.3862943649291992,0.6931471824645996,0.5,0.5,0.5,0.0,0.0
288,1.3862943649291992,0.6931471824645996,0.5,0.5,0.5,0.0,0.0
289,1.3862943649291992,0.6931471824645996,0.5,0.5,0.5,0.0,0.0
290,1.3862943649291992,0.6931471824645996,0.5,0.5,0.5,0.0,0.0
291,1.3862943649291992,0.6931471824645996,0.5,0.5,0.5,0.0,0.0
292,1.3862943649291992,0.6931471824645996,0.5,0.5,0.5,0.0,0.0
293,1.3862943649291992,0.6931471824645996,0.5,0.5,0.5,0.0,0.0
294,1.3862943649291992,0.6931471824645996,0.5,0.5,0.5,0.0,0.0
295,1.3862943649291992,0.6931471824645996,0.5,0.5,0.5,0.0,0.0
296,1.3862943649291992,0.6931471824645996,0.5,0.5,0.5,0.0,0.0
297,1.3862943649291992,0.6931471824645996,0.5,0.5,0.5,0.0,0.0
298,1.3862943649291992,0.6931471824645996,0.5,0.5,0.5,0.0,0.0
299,1.3862943649291992,0.6931471824645996,0.5,0.5,0.5,0.0,0.0
300,1.3862943649291992,0.6931471824645996,0.5,0.5,0.5,0.0,0.0
301,1.3862943649291992,0.6931471824645996,0.5,0.5,0.5,0.0,0.0
302,1.3862943649291992,0.6931471824645996,0.5,0.5,0.5,0.0,0.0
303,1.3862943649291992,0.6931471824645996,0.5,0.5,0.5,0.0,0.0
304,1.3862943649291992,0.6931471824645996,0.5,0.5,0.5,0.0,0.0
305,1.3862943649291992,0.6931471824645996,0.5,0.5,0.5,0.0,0.0
306,1.3862943649291992,0.6931471824645996,0.5,0.5,0.5,0.0,0.0
307,1.3862943649291992,0.6931471824645996,0.5,0.5,0.5,0.0,0.0
308,1.3862943649291992,0.6931471824645996,0.5,0.5,0.5,0.0,0.0
309,1.3862943649291992,0.6931471824645996,0.5,0.5,0.5,0.0,0.0
310,1.3862943649291992,0.6931471824645996,0.5,0.5,0.5,0.0,0.0
311,1.3862943649291992,0.6931471824645996,0.5,0.5,0.5,0.0,0.0
312,1.3862943649291992,0.6931471824645996,0.5,0.5,0.5,0.0,0.0
313,1.3862943649291992,0.6931471824645996,0.5,0.5,0.5,0.0,0.0
314,1.3862943649291992,0.6931471824645996,0.5,0.5,0.5,0.0,0.0
315,1.3862943649291992,0.6931471824645996,0.5,0.5,0.5,0.0,0.0
316,1.3862943649291992,0.6931471824645996,0.5,0.5,0.5,0.0,0.0
317,1.3862943649291992,0.6931471824645996,0.5,0.5,0.5,0.0,0.0
318,1.3862943649291992,0.6931471824645996,0.5,0.5,0.5,0.0,0.0
319,1.3862943649291992,0.6931471824645996,0.5,0.5,0.5,0.0,0.0
320,1.3862943649291992,0.6931471824645996,0.5,0.5,0.5,0.0,0.0
321,1.3862943649291992,0.6931471824645996,0.5,0.5,0.5,0.0,0.0
322,1.3862943649291992,0.6931471824645996,0.5,0.5,0.5,0.0,0.0
323,1.3862943649291992,0.6931471824645996,0.5,0.5,0.5,0.0,0.0
324,1.3862943649291992,0.6931471824645996,0.5,0.5,0.5,0.0,0.0
325,1.3862943649291992,0.6931471824645996,0.5,0.5,0.5,0.0,0.0
326,1.3862943649291992,0.6931471824645996,0.5,0.5,0.5,0.0,0.0
327,1.3862943649291992,0.6931471824645996,0.5,0.5,0.5,0.0,0.0
328,1.3862943649291992,0.6931471824645996,0.5,0.5,0.5,0.0,0.0
329,1.3862943649291992,0.6931471824645996,0.5,0.5,0.5,0.0,0.0
330,1.3862943649291992,0.6931471824645996,0.5,0.5,0.5,0.0,0.0
331,1.3862943649291992,0.6931471824645996,0.5,0.5,0.5,0.0,0.0
332,1.3862943649291992,0.6931471824645996,0.5,0.5,0.5,0.0,0.0
333,1.3862943649291992,0.6931471824645996,0.5,0.5,0.5,0.0,0.0
334,1.3862943649291992,0.6931471824645996,0.5,0.5,0.5,0.0,0.0
335,1.3862943649291992,0.6931471824645996,0.5,0.5,0.5,0.0,0.0
336,1.3862943649291992,0.6931471824645996,0.5,0.5,0.5,0.0,0.0
337,1.3862943649291992,0.6931471824645996,0.5,0.5,0.5,0.0,0.0
338,1.3862943649291992,0.6931471824645996,0.5,0.5,0.5,0.0,0.0
339,1.3862943649291992,0.6931471824645996,0.5,0.5,0.5,0.0,0.0
340,1.3862943649291992,0.6931471824645996,0.5,0.5,0.5,0.0,0.0
341,1.3862943649291992,0.6931471824645996,0.5,0.5,0.5,0.0,0.0
342,1.3862943649291992,0.6931471824645996,0.5,0.5,0.5,0.0,0.0
343,1.3862943649291992,0.6931471824645996,0.5,0.5,0.5,0.0,0.0
344,1.3862943649291992,0.6931471824645996,0.5,0.5,0.5,0.0,0.0
345,1.3862943649291992,0.6931471824645996,0.5,0.5,0.5,0.0,0.0
346,1.3862943649291992,0.6931471824645996,0.5,0.5,0.5,0.0,0.0
347,1.3862943649291992,0.6931471824645996,0.5,0.5,0.5,0.0,0.0
348,1.3862943649291992,0.6931471824645996,0.5,0.5,0.5,0.0,0.0
349,1.3862943649291992,0.6931471824645996,0.5,0.5,0.5,0.0,0.0
350,1.3862943649291992,0.6931471824645996,0.5,0.5,0.5,0.0,0.0
351,1.3862943649291992,0.6931471824645996,0.5,0.5,0.5,0.0,0.0
352,1.3862943649291992,0.6931471824645996,0.5,0.5,0.5,0.0,0.0
353,1.3862943649291992,0.6931471824645996,0.5,0.5,0.5,0.0,0.0
354,1.3862943649291992,0.6931471824645996,0.5,0.5,0.5,0.0,0.0
355,1.3862943649291992,0.6931471824645996,0.5,0.5,0.5,0.0,0.0
356,1.3862943649291992,0.6931471824645996,0.5,0.5,0.5,0.0,0.0
357,1.3862943649291992,0.6931471824645996,0.5,0.5,0.5,0.0,0.0
358,1.3862943649291992,0.6931471824645996,0.5,0.5,0.5,0.0,0.0
359,1.3862943649291992,0.6931471824645996,0.5,0.5,0.5,0.0,0.0
360,1.3862943649291992,0.6931471824645996,0.5,0.5,0.5,0.0,0.0
361,1.3862943649291992,0.6931471824645996,0.5,0.5,0.5,0.0,0.0
362,1.3862943649291992,0.6931471824645996,0.5,0.5,0.5,0.0,0.0
363,1.3862943649291992,0.6931471824645996,0.5,0.5,0.5,0.0,0.0
364,1.3862943649291992,0.6931471824645996,0.5,0.5,0.5,0.0,0.0
365,1.3862943649291992,0.6931471824645996,0.5,0.5,0.5,0.0,0.0
366,1.3862943649291992,0.6931471824645996,0.5,0.5,0.5,0.0,0.0
367,1.3862943649291992,0.6931471824645996,0.5,0.5,0.5,0.0,0.0
368,1.3862943649291992,0.6931471824645996,0.5,0.5,0.5,0.0,0.0
369,1.3862943649291992,0.6931471824645996,0.5,0.5,0.5,0.0,0.0
370,1.3862943649291992,0.6931471824645996,0.5,0.5,0.5,0.0,0.0
371,1.3862943649291992,0.6931471824645996,0.5,0.5,0.5,0.0,0.0
372,1.3862943649291992,0.6931471824645996,0.5,0.5,0.5,0.0,0.0
373,1.3862943649291992,0.6931471824645996,0.5,0.5,0.5,0.0,0.0
374,1.3862943649291992,0.6931471824645996,0.5,0.5,0.5,0.0,0.0
375,1.3862943649291992,0.6931471824645996,0.5,0.5,0.5,0.0,0.0
376,1.3862943649291992,0.6931471824645996,0.5,0.5,0.5,0.0,0.0
377,1.3862943649291992,0.6931471824645996,0.5,0.5,0.5,0.0,0.0
378,1.3862943649291992,0.6931471824645996,0.5,0.5,0.5,0.0,0.0
379,1.3862943649291992,0.6931471824645996,0.5,0.5,0.5,0.0,0.0
380,1.3862943649291992,0.6931471824645996,0.5,0.5,0.5,0.0,0.0
381,1.3862943649291992,0.6931471824645996,0.5,0.5,0.5,0.0,0.0
382,1.3862943649291992,0.6931471824645996,0.5,0.5,0.5,0.0,0.0
383,1.3862943649291992,0.6931471824645996,0.5,0.5,0.5,0.0,0.0
384,1.3862943649291992,0.6931471824645996,0.5,0.5,0.5,0.0,0.0
385,1.3862943649291992,0.6931471824645996,0.5,0.5,0.5,0.0,0.0
386,1.3862943649291992,0.6931471824645996,0.5,0.5,0.5,0.0,0.0
387,1.3862943649291992,0.6931471824645996,0.5,0.5,0.5,0.0,0.0
388,1.3862943649291992,0.6931471824645996,0.5,0.5,0.5,0.0,0.0
389,1.3862943649291992,0.6931471824645996,0.5,0.5,0.5,0.0,0.0
390,1.3862943649291992,0.6931471824645996,0.5,0.5,0.5,0.0,0.0
391,1.3862943649291992,0.6931471824645996,0.5,0.5,0.5,0.0,0.0
392,1.3862943649291992,0.6931471824645996,0.5,0.5,0.5,0.0,0.0
393,1.3862943649291992,0.6931471824645996,0.5,0.5,0.5,0.0,0.0
394,1.3862943649291992,0.6931471824645996,0.5,0.5,0.5,0.0,0.0
395,1.3862943649291992,0.6931471824645996,0.5,0.5,0.5,0.0,0.0
396,1.3862943649291992,0.6931471824645996,0.5,0.5,0.5,0.0,0.0
397,1.3862943649291992,0.6931471824645996,0.5,0.5,0.5,0.0,0.0
398,1.3862943649291992,0.6931471824645996,0.5,0.5,0.5,0.0,0.0
399,1.3862943649291992,0.6931471824645996,0.5,0.5,0.5,0.0,0.0
400,1.3862943649291992,0.6931471824645996,0.5,0.5,0.5,0.0,0.0
401,1.3862943649291992,0.6931471824645996,0.5,0.5,0.5,0.0,0.0
402,1.3862943649291992,0.6931471824645996,0.5,0.5,0.5,0.0,0.0
403,1.3862943649291992,0.6931471824645996,0.5,0.5,0.5,0.0,0.0
404,1.3862943649291992,0.6931471824645996,0.5,0.5,0.5,0.0,0.0
405,1.3862943649291992,0.6931471824645996,0.5,0.5,0.5,0.0,0.0
406,1.3862943649291992,0.6931471824645996,0.5,0.5,0.5,0.0,0.0
407,1.3862943649291992,0.6931471824645996,0.5,0.5,0.5,0.0,0.0
408,1.3862943649291992,0.6931471824645996,0.5,0.5,0.5,0.0,0.0
409,1.3862943649291992,0.6931471824645996,0.5,0.5,0.5,0.0,0.0
410,1.3862943649291992,0.6931471824645996,0.5,0.5,0.5,0.0,0.0
411,1.3862943649291992,0.6931471824645996,0.5,0.5,0.5,0.0,0.0
412,1.3862943649291992,0.6931471824645996,0.5,0.5,0.5,0.0,0.0
413,1.3862943649291992,0.6931471824645996,0.5,0.5,0.5,0.0,0.0
414,1.3862943649291992,0.6931471824645996,0.5,0.5,0.5,0.0,0.0
415,1.3862943649291992,0.6931471824645996,0.5,0.5,0.5,0.0,0.0
416,1.3862943649291992,0.6931471824645996,0.5,0.5,0.5,0.0,0.0
417,1.3862943649291992,0.6931471824645996,0.5,0.5,0.5,0.0,0.0
418,1.3862943649291992,0.6931471824645996,0.5,0.5,0.5,0.0,0.0
419,1.3862943649291992,0.6931471824645996,0.5,0.5,0.5,0.0,0.0
420,1.3862943649291992,0.6931471824645996,0.5,0.5,0.5,0.0,0.0
421,1.3862943649291992,0.6931471824645996,0.5,0.5,0.5,0.0,0.0
422,1.3862943649291992,0.6931471824645996,0.5,0.5,0.5,0.0,0.0
423,1.3862943649291992,0.6931471824645996,0.5,0.5,0.5,0.0,0.0
424,1.3862943649291992,0.6931471824645996,0.5,0.5,0.5,0.0,0.0
425,1.3862943649291992,0.6931471824645996,0.5,0.5,0.5,0.0,0.0
426,1.3862943649291992,0.6931471824645996,0.5,0.5,0.5,0.0,0.0
427,1.3862943649291992,0.6931471824645996,0.5,0.5,0.5,0.0,0.0
428,1.3862943649291992,0.6931471824645996,0.5,0.5,0.5,0.0,0.0
429,1.3862943649291992,0.6931471824645996,0.5,0.5,0.5,0.0,0.0
430,1.3862943649291992,0.6931471824645996,0.5,0.5,0.5,0.0,0.0
431,1.3862943649291992,0.6931471824645996,0.5,0.5,0.5,0.0,0.0
432,1.3862943649291992,0.6931471824645996,0.5,0.5,0.5,0.0,0.0
433,1.3862943649291992,0.6931471824645996,0.5,0.5,0.5,0.0,0.0
434,1.3862943649291992,0.6931471824645996,0.5,0.5,0.5,0.0,0.0
435,1.3862943649291992,0.6931471824645996,0.5,0.5,0.5,0.0,0.0
436,1.3862943649291992,0.6931471824645996,0.5,0.5,0.5,0.0,0.0
437,1.3862943649291992,0.6931471824645996,0.5,0.5,0.5,0.0,0.0
438,1.3862943649291992,0.6931471824645996,0.5,0.5,0.5,0.0,0.0
439,1.3862943649291992,0.6931471824645996,0.5,0.5,0.5,0.0,0.0
440,1.3862943649291992,0.6931471824645996,0.5,0.5,0.5,0.0,0.0
441,1.3862943649291992,0.6931471824645996,0.5,0.5,0.5,0.0,0.0
442,1.3862943649291992,0.6931471824645996,0.5,0.5,0.5,0.0,0.0
443,1.3862943649291992,0.6931471824645996,0.5,0.5,0.5,0.0,0.0
444,1.3862943649291992,0.6931471824645996,0.5,0.5,0.5,0.0,0.0
445,1.3862943649291992,0.6931471824645996,0.5,0.5,0.5,0.0,0.0
446,1.3862943649291992,0.6931471824645996,0.5,0.5,0.5,0.0,0.0
447,1.3862943649291992,0.6931471824645996,0.5,0.5,0.5,0.0,0.0
448,1.3862943649291992,0.6931471824645996,0.5,0.5,0.5,0.0,0.0
449,1.3862943649291992,0.6931471824645996,0.5,0.5,0.5,0.0,0.0
450,1.3862943649291992,0.6931471824645996,0.5,0.5,0.5,0.0,0.0
451,1.3862943649291992,0.6931471824645996,0.5,0.5,0.5,0.0,0.0
452,1.3862943649291992,0.6931471824645996,0.5,0.5,0.5,0.0,0.0
453,1.3862943649291992,0.6931471824645996,0.5,0.5,0.5,0.0,0.0
454,1.3862943649291992,0.6931471824645996,0.5,0.5,0.5,0.0,0.0
455,1.3862943649291992,0.6931471824645996,0.5,0.5,0.5,0.0,0.0
456,1.3862943649291992,0.6931471824645996,0.5,0.5,0.5,0.0,0.0
457,1.3862943649291992,0.6931471824645996,0.5,0.5,0.5,0.0,0.0
458,1.3862943649291992,0.6931471824645996,0.5,0.5,0.5,0.0,0.0
459,1.3862943649291992,0.6931471824645996,0.5,0.5,0.5,0.0,0.0
460,1.3862943649291992,0.6931471824645996,0.5,0.5,0.5,0.0,0.0
461,1.3862943649291992,0.6931471824645996,0.5,0.5,0.5,0.0,0.0
462,1.3862943649291992,0.6931471824645996,0.5,0.5,0.5,0.0,0.0
463,1.3862943649291992,0.6931471824645996,0.5,0.5,0.5,0.0,0.0
464,1.3862943649291992,0.6931471824645996,0.5,0.5,0.5,0.0,0.0
465,1.3862943649291992,0.6931471824645996,0.5,0.5,0.5,0.0,0.0
466,1.3862943649291992,0.6931471824645996,0.5,0.5,0.5,0.0,0.0
467,1.3862943649291992,0.6931471824645996,0.5,0.5,0.5,0.0,0.0
468,1.3862943649291992,0.6931471824645996,0.5,0.5,0.5,0.0,0.0
469,1.3862943649291992,0.6931471824645996,0.5,0.5,0.5,0.0,0.0
470,1.3862943649291992,0.6931471824645996,0.5,0.5,0.5,0.0,0.0
471,1.3862943649291992,0.6931471824645996,0.5,0.5,0.5,0.0,0.0
472,1.3862943649291992,0.6931471824645996,0.5,0.5,0.5,0.0,0.0
473,1.3862943649291992,0.6931471824645996,0.5,0.5,0.5,0.0,0.0
474,1.3862943649291992,0.6931471824645996,0.5,0.5,0.5,0.0,0.0
475,1.3862943649291992,0.6931471824645996,0.5,0.5,0.5,0.0,0.0
476,1.3862943649291992,0.6931471824645996,0.5,0.5,0.5,0.0,0.0
477,1.3862943649291992,0.6931471824645996,0.5,0.5,0.5,0.0,0.0
478,1.3862943649291992,0.6931471824645996,0.5,0.5,0.5,0.0,0.0
479,1.3862943649291992,0.6931471824645996,0.5,0.5,0.5,0.0,0.0
480,1.3862943649291992,0.6931471824645996,0.5,0.5,0.5,0.0,0.0
481,1.3862943649291992,0.6931471824645996,0.5,0.5,0.5,0.0,0.0
482,1.3862943649291992,0.6931471824645996,0.5,0.5,0.5,0.0,0.0
483,1.3862943649291992,0.6931471824645996,0.5,0.5,0.5,0.0,0.0
484,1.3862943649291992,0.6931471824645996,0.5,0.5,0.5,0.0,0.0
485,1.3862943649291992,0.6931471824645996,0.5,0.5,0.5,0.0,0.0
486,1.3862943649291992,0.6931471824645996,0.5,0.5,0.5,0.0,0.0
487,1.3862943649291992,0.6931471824645996,0.5,0.5,0.5,0.0,0.0
488,1.3862943649291992,0.6931471824645996,0.5,0.5,0.5,0.0,0.0
489,1.3862943649291992,0.6931471824645996,0.5,0.5,0.5,0.0,0.0
490,1.3862943649291992,0.6931471824645996,0.5,0.5,0.5,0.0,0.0
491,1.3862943649291992,0.6931471824645996,0.5,0.5,0.5,0.0,0.0
492,1.3862943649291992,0.6931471824645996,0.5,0.5,0.5,0.0,0.0
493,1.3862943649291992,0.6931471824645996,0.5,0.5,0.5,0.0,0.0
494,1.3862943649291992,0.6931471824645996,0.5,0.5,0.5,0.0,0.0
495,1.3862943649291992,0.6931471824645996,0.5,0.5,0.5,0.0,0.0
496,1.3862943649291992,0.6931471824645996,0.5,0.5,0.5,0.0,0.0
497,1.3862943649291992,0.6931471824645996,0.5,0.5,0.5,0.0,0.0
498,1.3862943649291992,0.6931471824645996,0.5,0.5,0.5,0.0,0.0
499,1.3862943649291992,0.6931471824645996,0.5,0.5,0.5,0.0,0.0
500,1.3862943649291992,0.6931471824645996,0.5,0.5,0.5,0.0,0.0
501,1.3862943649291992,0.6931471824645996,0.5,0.5,0.5,0.0,0.0
502,1.3862943649291992,0.6931471824645996,0.5,0.5,0.5,0.0,0.0
503,1.3862943649291992,0.6931471824645996,0.5,0.5,0.5,0.0,0.0
504,1.3862943649291992,0.6931471824645996,0.5,0.5,0.5,0.0,0.0
505,1.3862943649291992,0.6931471824645996,0.5,0.5,0.5,0.0,0.0
506,1.3862943649291992,0.6931471824645996,0.5,0.5,0.5,0.0,0.0
507,1.3862943649291992,0.6931471824645996,0.5,0.5,0.5,0.0,0.0
508,1.3862943649291992,0.6931471824645996,0.5,0.5,0.5,0.0,0.0
509,1.3862943649291992,0.6931471824645996,0.5,0.5,0.5,0.0,0.0
510,1.3862943649291992,0.6931471824645996,0.5,0.5,0.5,0.0,0.0
511,1.3862943649291992,0.6931471824645996,0.5,0.5,0.5,0.0,0.0
512,1.3862943649291992,0.6931471824645996,0.5,0.5,0.5,0.0,0.0
513,1.3862943649291992,0.6931471824645996,0.5,0.5,0.5,0.0,0.0
514,1.3862943649291992,0.6931471824645996,0.5,0.5,0.5,0.0,0.0
515,1.3862943649291992,0.6931471824645996,0.5,0.5,0.5,0.0,0.0
516,1.3862943649291992,0.6931471824645996,0.5,0.5,0.5,0.0,0.0
517,1.3862943649291992,0.6931471824645996,0.5,0.5,0.5,0.0,0.0
518,1.3862943649291992,0.6931471824645996,0.5,0.5,0.5,0.0,0.0
519,1.3862943649291992,0.6931471824645996,0.5,0.5,0.5,0.0,0.0
520,1.3862943649291992,0.6931471824645996,0.5,0.5,0.5,0.0,0.0
521,1.3862943649291992,0.6931471824645996,0.5,0.5,0.5,0.0,0.0
522,1.3862943649291992,0.6931471824645996,0.5,0.5,0.5,0.0,0.0
523,1.3862943649291992,0.6931471824645996,0.5,0.5,0.5,0.0,0.0
524,1.3862943649291992,0.6931471824645996,0.5,0.5,0.5,0.0,0.0
525,1.3862943649291992,0.6931471824645996,0.5,0.5,0.5,0.0,0.0
526,1.3862943649291992,0.6931471824645996,0.5,0.5,0.5,0.0,0.0
527,1.3862943649291992,0.6931471824645996,0.5,0.5,0.5,0.0,0.0
528,1.3862943649291992,0.6931471824645996,0.5,0.5,0.5,0.0,0.0
529,1.3862943649291992,0.6931471824645996,0.5,0.5,0.5,0.0,0.0
530,1.3862943649291992,0.6931471824645996,0.5,0.5,0.5,0.0,0.0
531,1.3862943649291992,0.6931471824645996,0.5,0.5,0.5,0.0,0.0
532,1.3862943649291992,0.6931471824645996,0.5,0.5,0.5,0.0,0.0
533,1.3862943649291992,0.6931471824645996,0.5,0.5,0.5,0.0,0.0
534,1.3862943649291992,0.6931471824645996,0.5,0.5,0.5,0.0,0.0
535,1.3862943649291992,0.6931471824645996,0.5,0.5,0.5,0.0,0.0
536,1.3862943649291992,0.6931471824645996,0.5,0.5,0.5,0.0,0.0
537,1.3862943649291992,0.6931471824645996,0.5,0.5,0.5,0.0,0.0
538,1.3862943649291992,0.6931471824645996,0.5,0.5,0.5,0.0,0.0
539,1.3862943649291992,0.6931471824645996,0.5,0.5,0.5,0.0,0.0
540,1.3862943649291992,0.6931471824645996,0.5,0.5,0.5,0.0,0.0
541,1.3862943649291992,0.6931471824645996,0.5,0.5,0.5,0.0,0.0
542,1.3862943649291992,0.6931471824645996,0.5,0.5,0.5,0.0,0.0
543,1.3862943649291992,0.6931471824645996,0.5,0.5,0.5,0.0,0.0
544,1.3862943649291992,0.6931471824645996,0.5,0.5,0.5,0.0,0.0
545,1.3862943649291992,0.6931471824645996,0.5,0.5,0.5,0.0,0.0
546,1.3862943649291992,0.6931471824645996,0.5,0.5,0.5,0.0,0.0
547,1.3862943649291992,0.6931471824645996,0.5,0.5,0.5,0.0,0.0
548,1.3862943649291992,0.6931471824645996,0.5,0.5,0.5,0.0,0.0
549,1.3862943649291992,0.6931471824645996,0.5,0.5,0.5,0.0,0.0
550,1.3862943649291992,0.6931471824645996,0.5,0.5,0.5,0.0,0.0
551,1.3862943649291992,0.6931471824645996,0.5,0.5,0.5,0.0,0.0
552,1.3862943649291992,0.6931471824645996,0.5,0.5,0.5,0.0,0.0
553,1.3862943649291992,0.6931471824645996,0.5,0.5,0.5,0.0,0.0
554,1.3862943649291992,0.6931471824645996,0.5,0.5,0.5,0.0,0.0
555,1.3862943649291992,0.6931471824645996,0.5,0.5,0.5,0.0,0.0
556,1.3862943649291992,0.6931471824645996,0.5,0.5,0.5,0.0,0.0
557,1.3862943649291992,0.6931471824645996,0.5,0.5,0.5,0.0,0.0
558,1.3862943649291992,0.6931471824645996,0.5,0.5,0.5,0.0,0.0
559,1.3862943649291992,0.6931471824645996,0.5,0.5,0.5,0.0,0.0
560,1.3862943649291992,0.6931471824645996,0.5,0.5,0.5,0.0,0.0
561,1.3862943649291992,0.6931471824645996,0.5,0.5,0.5,0.0,0.0
562,1.3862943649291992,0.6931471824645996,0.5,0.5,0.5,0.0,0.0
563,1.3862943649291992,0.6931471824645996,0.5,0.5,0.5,0.0,0.0
564,1.3862943649291992,0.6931471824645996,0.5,0.5,0.5,0.0,0.0
565,1.3862943649291992,0.6931471824645996,0.5,0.5,0.5,0.0,0.0
566,1.3862943649291992,0.6931471824645996,0.5,0.5,0.5,0.0,0.0
567,1.3862943649291992,0.6931471824645996,0.5,0.5,0.5,0.0,0.0
568,1.3862943649291992,0.6931471824645996,0.5,0.5,0.5,0.0,0.0
569,1.3862943649291992,0.6931471824645996,0.5,0.5,0.5,0.0,0.0
570,1.3862943649291992,0.6931471824645996,0.5,0.5,0.5,0.0,0.0
571,1.3862943649291992,0.6931471824645996,0.5,0.5,0.5,0.0,0.0
572,1.3862943649291992,0.6931471824645996,0.5,0.5,0.5,0.0,0.0
573,1.3862943649291992,0.6931471824645996,0.5,0.5,0.5,0.0,0.0
574,1.3862943649291992,0.6931471824645996,0.5,0.5,0.5,0.0,0.0
575,1.3862943649291992,0.6931471824645996,0.5,0.5,0.5,0.0,0.0
576,1.3862943649291992,0.6931471824645996,0.5,0.5,0.5,0.0,0.0
577,1.3862943649291992,0.6931471824645996,0.5,0.5,0.5,0.0,0.0
578,1.3862943649291992,0.6931471824645996,0.5,0.5,0.5,0.0,0.0
579,1.3862943649291992,0.6931471824645996,0.5,0.5,0.5,0.0,0.0
580,1.3862943649291992,0.6931471824645996,0.5,0.5,0.5,0.0,0.0
581,1.3862943649291992,0.6931471824645996,0.5,0.5,0.5,0.0,0.0
582,1.3862943649291992,0.6931471824645996,0.5,0.5,0.5,0.0,0.0
583,1.3862943649291992,0.6931471824645996,0.5,0.5,0.5,0.0,0.0
584,1.3862943649291992,0.6931471824645996,0.5,0.5,0.5,0.0,0.0
585,1.3862943649291992,0.6931471824645996,0.5,0.5,0.5,0.0,0.0
586,1.3862943649291992,0.6931471824645996,0.5,0.5,0.5,0.0,0.0
587,1.3862943649291992,0.6931471824645996,0.5,0.5,0.5,0.0,0.0
588,1.3862943649291992,0.6931471824645996,0.5,0.5,0.5,0.0,0.0
589,1.3862943649291992,0.6931471824645996,0.5,0.5,0.5,0.0,0.0
590,1.3862943649291992,0.6931471824645996,0.5,0.5,0.5,0.0,0.0
591,1.3862943649291992,0.6931471824645996,0.5,0.5,0.5,0.0,0.0
592,1.3862943649291992,0.6931471824645996,0.5,0.5,0.5,0.0,0.0
593,1.3862943649291992,0.6931471824645996,0.5,0.5,0.5,0.0,0.0
594,1.3862943649291992,0.6931471824645996,0.5,0.5,0.5,0.0,0.0
595,1.3862943649291992,0.6931471824645996,0.5,0.5,0.5,0.0,0.0
596,1.3862943649291992,0.6931471824645996,0.5,0.5,0.5,0.0,0.0
597,1.3862943649291992,0.6931471824645996,0.5,0.5,0.5,0.0,0.0
598,1.3862943649291992,0.6931471824645996,0.5,0.5,0.5,0.0,0.0
599,1.3862943649291992,0.6931471824645996,0.5,0.5,0.5,0.0,0.0
600,1.3862943649291992,0.6931471824645996,0.5,0.5,0.5,0.0,0.0
601,1.3862943649291992,0.6931471824645996,0.5,0.5,0.5,0.0,0.0
602,1.3862943649291992,0.6931471824645996,0.5,0.5,0.5,0.0,0.0
603,1.3862943649291992,0.6931471824645996,0.5,0.5,0.5,0.0,0.0
604,1.3862943649291992,0.6931471824645996,0.5,0.5,0.5,0.0,0.0
605,1.3862943649291992,0.6931471824645996,0.5,0.5,0.5,0.0,0.0
606,1.3862943649291992,0.6931471824645996,0.5,0.5,0.5,0.0,0.0
607,1.3862943649291992,0.6931471824645996,0.5,0.5,0.5,0.0,0.0
608,1.3862943649291992,0.6931471824645996,0.5,0.5,0.5,0.0,0.0
609,1.3862943649291992,0.6931471824645996,0.5,0.5,0.5,0.0,0.0
610,1.3862943649291992,0.6931471824645996,0.5,0.5,0.5,0.0,0.0
611,1.3862943649291992,0.6931471824645996,0.5,0.5,0.5,0.0,0.0
612,1.3862943649291992,0.6931471824645996,0.5,0.5,0.5,0.0,0.0
613,1.3862943649291992,0.6931471824645996,0.5,0.5,0.5,0.0,0.0
614,1.3862943649291992,0.6931471824645996,0.5,0.5,0.5,0.0,0.0
615,1.3862943649291992,0.6931471824645996,0.5,0.5,0.5,0.0,0.0
616,1.3862943649291992,0.6931471824645996,0.5,0.5,0.5,0.0,0.0
617,1.3862943649291992,0.6931471824645996,0.5,0.5,0.5,0.0,0.0
618,1.3862943649291992,0.6931471824645996,0.5,0.5,0.5,0.0,0.0
619,1.3862943649291992,0.6931471824645996,0.5,0.5,0.5,0.0,0.0
620,1.3862943649291992,0.6931471824645996,0.5,0.5,0.5,0.0,0.0
621,1.3862943649291992,0.6931471824645996,0.5,0.5,0.5,0.0,0.0
622,1.3862943649291992,0.6931471824645996,0.5,0.5,0.5,0.0,0.0
623,1.3862943649291992,0.6931471824645996,0.5,0.5,0.5,0.0,0.0
624,1.3862943649291992,0.6931471824645996,0.5,0.5,0.5,0.0,0.0
625,1.3862943649291992,0.6931471824645996,0.5,0.5,0.5,0.0,0.0
626,1.3862943649291992,0.6931471824645996,0.5,0.5,0.5,0.0,0.0
627,1.3862943649291992,0.6931471824645996,0.5,0.5,0.5,0.0,0.0
628,1.3862943649291992,0.6931471824645996,0.5,0.5,0.5,0.0,0.0
629,1.3862943649291992,0.6931471824645996,0.5,0.5,0.5,0.0,0.0
630,1.3862943649291992,0.6931471824645996,0.5,0.5,0.5,0.0,0.0
631,1.3862943649291992,0.6931471824645996,0.5,0.5,0.5,0.0,0.0
632,1.3862943649291992,0.6931471824645996,0.5,0.5,0.5,0.0,0.0
633,1.3862943649291992,0.6931471824645996,0.5,0.5,0.5,0.0,0.0
634,1.3862943649291992,0.6931471824645996,0.5,0.5,0.5,0.0,0.0
635,1.3862943649291992,0.6931471824645996,0.5,0.5,0.5,0.0,0.0
636,1.3862943649291992,0.6931471824645996,0.5,0.5,0.5,0.0,0.0
637,1.3862943649291992,0.6931471824645996,0.5,0.5,0.5,0.0,0.0
638,1.3862943649291992,0.6931471824645996,0.5,0.5,0.5,0.0,0.0
639,1.3862943649291992,0.6931471824645996,0.5,0.5,0.5,0.0,0.0
640,1.3862943649291992,0.6931471824645996,0.5,0.5,0.5,0.0,0.0
641,1.3862943649291992,0.6931471824645996,0.5,0.5,0.5,0.0,0.0
642,1.3862943649291992,0.6931471824645996,0.5,0.5,0.5,0.0,0.0
643,1.3862943649291992,0.6931471824645996,0.5,0.5,0.5,0.0,0.0
644,1.3862943649291992,0.6931471824645996,0.5,0.5,0.5,0.0,0.0
645,1.3862943649291992,0.6931471824645996,0.5,0.5,0.5,0.0,0.0
646,1.3862943649291992,0.6931471824645996,0.5,0.5,0.5,0.0,0.0
647,1.3862943649291992,0.6931471824645996,0.5,0.5,0.5,0.0,0.0
648,1.3862943649291992,0.6931471824645996,0.5,0.5,0.5,0.0,0.0
649,1.3862943649291992,0.6931471824645996,0.5,0.5,0.5,0.0,0.0
650,1.3862943649291992,0.6931471824645996,0.5,0.5,0.5,0.0,0.0
651,1.3862943649291992,0.6931471824645996,0.5,0.5,0.5,0.0,0.0
652,1.3862943649291992,0.6931471824645996,0.5,0.5,0.5,0.0,0.0
653,1.3862943649291992,0.6931471824645996,0.5,0.5,0.5,0.0,0.0
654,1.3862943649291992,0.6931471824645996,0.5,0.5,0.5,0.0,0.0
655,1.3862943649291992,0.6931471824645996,0.5,0.5,0.5,0.0,0.0
656,1.3862943649291992,0.6931471824645996,0.5,0.5,0.5,0.0,0.0
657,1.3862943649291992,0.6931471824645996,0.5,0.5,0.5,0.0,0.0
658,1.3862943649291992,0.6931471824645996,0.5,0.5,0.5,0.0,0.0
659,1.3862943649291992,0.6931471824645996,0.5,0.5,0.5,0.0,0.0
660,1.3862943649291992,0.6931471824645996,0.5,0.5,0.5,0.0,0.0
661,1.3862943649291992,0.6931471824645996,0.5,0.5,0.5,0.0,0.0
662,1.3862943649291992,0.6931471824645996,0.5,0.5,0.5,0.0,0.0
663,1.3862943649291992,0.6931471824645996,0.5,0.5,0.5,0.0,0.0
664,1.3862943649291992,0.6931471824645996,0.5,0.5,0.5,0.0,0.0
665,1.3862943649291992,0.6931471824645996,0.5,0.5,0.5,0.0,0.0
666,1.3862943649291992,0.6931471824645996,0.5,0.5,0.5,0.0,0.0
667,1.3862943649291992,0.6931471824645996,0.5,0.5,0.5,0.0,0.0
668,1.3862943649291992,0.6931471824645996,0.5,0.5,0.5,0.0,0.0
669,1.3862943649291992,0.6931471824645996,0.5,0.5,0.5,0.0,0.0
670,1.3862943649291992,0.6931471824645996,0.5,0.5,0.5,0.0,0.0
671,1.3862943649291992,0.6931471824645996,0.5,0.5,0.5,0.0,0.0
672,1.3862943649291992,0.6931471824645996,0.5,0.5,0.5,0.0,0.0
673,1.3862943649291992,0.6931471824645996,0.5,0.5,0.5,0.0,0.0
674,1.3862943649291992,0.6931471824645996,0.5,0.5,0.5,0.0,0.0
675,1.3862943649291992,0.6931471824645996,0.5,0.5,0.5,0.0,0.0
676,1.3862943649291992,0.6931471824645996,0.5,0.5,0.5,0.0,0.0
677,1.3862943649291992,0.6931471824645996,0.5,0.5,0.5,0.0,0.0
678,1.3862943649291992,0.6931471824645996,0.5,0.5,0.5,0.0,0.0
679,1.3862943649291992,0.6931471824645996,0.5,0.5,0.5,0.0,0.0
680,1.3862943649291992,0.6931471824645996,0.5,0.5,0.5,0.0,0.0
681,1.3862943649291992,0.6931471824645996,0.5,0.5,0.5,0.0,0.0
682,1.3862943649291992,0.6931471824645996,0.5,0.5,0.5,0.0,0.0
683,1.3862943649291992,0.6931471824645996,0.5,0.5,0.5,0.0,0.0
684,1.3862943649291992,0.6931471824645996,0.5,0.5,0.5,0.0,0.0
685,1.3862943649291992,0.6931471824645996,0.5,0.5,0.5,0.0,0.0
686,1.3862943649291992,0.6931471824645996,0.5,0.5,0.5,0.0,0.0
687,1.3862943649291992,0.6931471824645996,0.5,0.5,0.5,0.0,0.0
688,1.3862943649291992,0.6931471824645996,0.5,0.5,0.5,0.0,0.0
689,1.3862943649291992,0.6931471824645996,0.5,0.5,0.5,0.0,0.0
690,1.3862943649291992,0.6931471824645996,0.5,0.5,0.5,0.0,0.0
691,1.3862943649291992,0.6931471824645996,0.5,0.5,0.5,0.0,0.0
692,1.3862943649291992,0.6931471824645996,0.5,0.5,0.5,0.0,0.0
693,1.3862943649291992,0.6931471824645996,0.5,0.5,0.5,0.0,0.0
694,1.3862943649291992,0.6931471824645996,0.5,0.5,0.5,0.0,0.0
695,1.3862943649291992,0.6931471824645996,0.5,0.5,0.5,0.0,0.0
696,1.3862943649291992,0.6931471824645996,0.5,0.5,0.5,0.0,0.0
697,1.3862943649291992,0.6931471824645996,0.5,0.5,0.5,0.0,0.0
698,1.3862943649291992,0.6931471824645996,0.5,0.5,0.5,0.0,0.0
699,1.3862943649291992,0.6931471824645996,0.5,0.5,0.5,0.0,0.0
700,1.3862943649291992,0.6931471824645996,0.5,0.5,0.5,0.0,0.0
701,1.3862943649291992,0.6931471824645996,0.5,0.5,0.5,0.0,0.0
702,1.3862943649291992,0.6931471824645996,0.5,0.5,0.5,0.0,0.0
703,1.3862943649291992,0.6931471824645996,0.5,0.5,0.5,0.0,0.0
704,1.3862943649291992,0.6931471824645996,0.5,0.5,0.5,0.0,0.0
705,1.3862943649291992,0.6931471824645996,0.5,0.5,0.5,0.0,0.0
706,1.3862943649291992,0.6931471824645996,0.5,0.5,0.5,0.0,0.0
707,1.3862943649291992,0.6931471824645996,0.5,0.5,0.5,0.0,0.0
708,1.3862943649291992,0.6931471824645996,0.5,0.5,0.5,0.0,0.0
709,1.3862943649291992,0.6931471824645996,0.5,0.5,0.5,0.0,0.0
710,1.3862943649291992,0.6931471824645996,0.5,0.5,0.5,0.0,0.0
711,1.3862943649291992,0.6931471824645996,0.5,0.5,0.5,0.0,0.0
712,1.3862943649291992,0.6931471824645996,0.5,0.5,0.5,0.0,0.0
713,1.3862943649291992,0.6931471824645996,0.5,0.5,0.5,0.0,0.0
714,1.3862943649291992,0.6931471824645996,0.5,0.5,0.5,0.0,0.0
715,1.3862943649291992,0.6931471824645996,0.5,0.5,0.5,0.0,0.0
716,1.3862943649291992,0.6931471824645996,0.5,0.5,0.5,0.0,0.0
717,1.3862943649291992,0.6931471824645996,0.5,0.5,0.5,0.0,0.0
718,1.3862943649291992,0.6931471824645996,0.5,0.5,0.5,0.0,0.0
719,1.3862943649291992,0.6931471824645996,0.5,0.5,0.5,0.0,0.0
720,1.3862943649291992,0.6931471824645996,0.5,0.5,0.5,0.0,0.0
721,1.3862943649291992,0.6931471824645996,0.5,0.5,0.5,0.0,0.0
722,1.3862943649291992,0.6931471824645996,0.5,0.5,0.5,0.0,0.0
723,1.3862943649291992,0.6931471824645996,0.5,0.5,0.5,0.0,0.0
724,1.3862943649291992,0.6931471824645996,0.5,0.5,0.5,0.0,0.0
725,1.3862943649291992,0.6931471824645996,0.5,0.5,0.5,0.0,0.0
726,1.3862943649291992,0.6931471824645996,0.5,0.5,0.5,0.0,0.0
727,1.3862943649291992,0.6931471824645996,0.5,0.5,0.5,0.0,0.0
728,1.3862943649291992,0.6931471824645996,0.5,0.5,0.5,0.0,0.0
729,1.3862943649291992,0.6931471824645996,0.5,0.5,0.5,0.0,0.0
730,1.3862943649291992,0.6931471824645996,0.5,0.5,0.5,0.0,0.0
731,1.3862943649291992,0.6931471824645996,0.5,0.5,0.5,0.0,0.0
732,1.3862943649291992,0.6931471824645996,0.5,0.5,0.5,0.0,0.0
733,1.3862943649291992,0.6931471824645996,0.5,0.5,0.5,0.0,0.0
734,1.3862943649291992,0.6931471824645996,0.5,0.5,0.5,0.0,0.0
735,1.3862943649291992,0.6931471824645996,0.5,0.5,0.5,0.0,0.0
736,1.3862943649291992,0.6931471824645996,0.5,0.5,0.5,0.0,0.0
737,1.3862943649291992,0.6931471824645996,0.5,0.5,0.5,0.0,0.0
738,1.3862943649291992,0.6931471824645996,0.5,0.5,0.5,0.0,0.0
739,1.3862943649291992,0.6931471824645996,0.5,0.5,0.5,0.0,0.0
740,1.3862943649291992,0.6931471824645996,0.5,0.5,0.5,0.0,0.0
741,1.3862943649291992,0.6931471824645996,0.5,0.5,0.5,0.0,0.0
742,1.3862943649291992,0.6931471824645996,0.5,0.5,0.5,0.0,0.0
743,1.3862943649291992,0.6931471824645996,0.5,0.5,0.5,0.0,0.0
744,1.3862943649291992,0.6931471824645996,0.5,0.5,0.5,0.0,0.0
745,1.3862943649291992,0.6931471824645996,0.5,0.5,0.5,0.0,0.0
746,1.3862943649291992,0.6931471824645996,0.5,0.5,0.5,0.0,0.0
747,1.3862943649291992,0.6931471824645996,0.5,0.5,0.5,0.0,0.0
748,1.3862943649291992,0.6931471824645996,0.5,0.5,0.5,0.0,0.0
749,1.3862943649291992,0.6931471824645996,0.5,0.5,0.5,0.0,0.0
750,1.3862943649291992,0.6931471824645996,0.5,0.5,0.5,0.0,0.0
751,1.3862943649291992,0.6931471824645996,0.5,0.5,0.5,0.0,0.0
752,1.3862943649291992,0.6931471824645996,0.5,0.5,0.5,0.0,0.0
753,1.3862943649291992,0.6931471824645996,0.5,0.5,0.5,0.0,0.0
754,1.3862943649291992,0.6931471824645996,0.5,0.5,0.5,0.0,0.0
755,1.3862943649291992,0.6931471824645996,0.5,0.5,0.5,0.0,0.0
756,1.3862943649291992,0.6931471824645996,0.5,0.5,0.5,0.0,0.0
757,1.3862943649291992,0.6931471824645996,0.5,0.5,0.5,0.0,0.0
758,1.3862943649291992,0.6931471824645996,0.5,0.5,0.5,0.0,0.0
759,1.3862943649291992,0.6931471824645996,0.5,0.5,0.5,0.0,0.0
760,1.3862943649291992,0.6931471824645996,0.5,0.5,0.5,0.0,0.0
761,1.3862943649291992,0.6931471824645996,0.5,0.5,0.5,0.0,0.0
762,1.3862943649291992,0.6931471824645996,0.5,0.5,0.5,0.0,0.0
763,1.3862943649291992,0.6931471824645996,0.5,0.5,0.5,0.0,0.0
764,1.3862943649291992,0.6931471824645996,0.5,0.5,0.5,0.0,0.0
765,1.3862943649291992,0.6931471824645996,0.5,0.5,0.5,0.0,0.0
766,1.3862943649291992,0.6931471824645996,0.5,0.5,0.5,0.0,0.0
767,1.3862943649291992,0.6931471824645996,0.5,0.5,0.5,0.0,0.0
768,1.3862943649291992,0.6931471824645996,0.5,0.5,0.5,0.0,0.0
769,1.3862943649291992,0.6931471824645996,0.5,0.5,0.5,0.0,0.0
770,1.3862943649291992,0.6931471824645996,0.5,0.5,0.5,0.0,0.0
771,1.3862943649291992,0.6931471824645996,0.5,0.5,0.5,0.0,0.0
772,1.3862943649291992,0.6931471824645996,0.5,0.5,0.5,0.0,0.0
773,1.3862943649291992,0.6931471824645996,0.5,0.5,0.5,0.0,0.0
774,1.3862943649291992,0.6931471824645996,0.5,0.5,0.5,0.0,0.0
775,1.3862943649291992,0.6931471824645996,0.5,0.5,0.5,0.0,0.0
776,1.3862943649291992,0.6931471824645996,0.5,0.5,0.5,0.0,0.0
777,1.3862943649291992,0.6931471824645996,0.5,0.5,0.5,0.0,0.0
778,1.3862943649291992,0.6931471824645996,0.5,0.5,0.5,0.0,0.0
779,1.3862943649291992,0.6931471824645996,0.5,0.5,0.5,0.0,0.0
780,1.3862943649291992,0.6931471824645996,0.5,0.5,0.5,0.0,0.0
781,1.3862943649291992,0.6931471824645996,0.5,0.5,0.5,0.0,0.0
782,1.3862943649291992,0.6931471824645996,0.5,0.5,0.5,0.0,0.0
783,1.3862943649291992,0.6931471824645996,0.5,0.5,0.5,0.0,0.0
784,1.3862943649291992,0.6931471824645996,0.5,0.5,0.5,0.0,0.0
785,1.3862943649291992,0.6931471824645996,0.5,0.5,0.5,0.0,0.0
786,1.3862943649291992,0.6931471824645996,0.5,0.5,0.5,0.0,0.0
787,1.3862943649291992,0.6931471824645996,0.5,0.5,0.5,0.0,0.0
788,1.3862943649291992,0.6931471824645996,0.5,0.5,0.5,0.0,0.0
789,1.3862943649291992,0.6931471824645996,0.5,0.5,0.5,0.0,0.0
790,1.3862943649291992,0.6931471824645996,0.5,0.5,0.5,0.0,0.0
791,1.3862943649291992,0.6931471824645996,0.5,0.5,0.5,0.0,0.0
792,1.3862943649291992,0.6931471824645996,0.5,0.5,0.5,0.0,0.0
793,1.3862943649291992,0.6931471824645996,0.5,0.5,0.5,0.0,0.0
794,1.3862943649291992,0.6931471824645996,0.5,0.5,0.5,0.0,0.0
795,1.3862943649291992,0.6931471824645996,0.5,0.5,0.5,0.0,0.0
796,1.3862943649291992,0.6931471824645996,0.5,0.5,0.5,0.0,0.0
797,1.3862943649291992,0.6931471824645996,0.5,0.5,0.5,0.0,0.0
798,1.3862943649291992,0.6931471824645996,0.5,0.5,0.5,0.0,0.0
799,1.3862943649291992,0.6931471824645996,0.5,0.5,0.5,0.0,0.0
800,1.3862943649291992,0.6931471824645996,0.5,0.5,0.5,0.0,0.0
801,1.3862943649291992,0.6931471824645996,0.5,0.5,0.5,0.0,0.0
802,1.3862943649291992,0.6931471824645996,0.5,0.5,0.5,0.0,0.0
803,1.3862943649291992,0.6931471824645996,0.5,0.5,0.5,0.0,0.0
804,1.3862943649291992,0.6931471824645996,0.5,0.5,0.5,0.0,0.0
805,1.3862943649291992,0.6931471824645996,0.5,0.5,0.5,0.0,0.0
806,1.3862943649291992,0.6931471824645996,0.5,0.5,0.5,0.0,0.0
807,1.3862943649291992,0.6931471824645996,0.5,0.5,0.5,0.0,0.0
808,1.3862943649291992,0.6931471824645996,0.5,0.5,0.5,0.0,0.0
809,1.3862943649291992,0.6931471824645996,0.5,0.5,0.5,0.0,0.0
810,1.3862943649291992,0.6931471824645996,0.5,0.5,0.5,0.0,0.0
811,1.3862943649291992,0.6931471824645996,0.5,0.5,0.5,0.0,0.0
812,1.3862943649291992,0.6931471824645996,0.5,0.5,0.5,0.0,0.0
813,1.3862943649291992,0.6931471824645996,0.5,0.5,0.5,0.0,0.0
814,1.3862943649291992,0.6931471824645996,0.5,0.5,0.5,0.0,0.0
815,1.3862943649291992,0.6931471824645996,0.5,0.5,0.5,0.0,0.0
816,1.3862943649291992,0.6931471824645996,0.5,0.5,0.5,0.0,0.0
817,1.3862943649291992,0.6931471824645996,0.5,0.5,0.5,0.0,0.0
818,1.3862943649291992,0.6931471824645996,0.5,0.5,0.5,0.0,0.0
819,1.3862943649291992,0.6931471824645996,0.5,0.5,0.5,0.0,0.0
820,1.3862943649291992,0.6931471824645996,0.5,0.5,0.5,0.0,0.0
821,1.3862943649291992,0.6931471824645996,0.5,0.5,0.5,0.0,0.0
822,1.3862943649291992,0.6931471824645996,0.5,0.5,0.5,0.0,0.0
823,1.3862943649291992,0.6931471824645996,0.5,0.5,0.5,0.0,0.0
824,1.3862943649291992,0.6931471824645996,0.5,0.5,0.5,0.0,0.0
825,1.3862943649291992,0.6931471824645996,0.5,0.5,0.5,0.0,0.0
826,1.3862943649291992,0.6931471824645996,0.5,0.5,0.5,0.0,0.0
827,1.3862943649291992,0.6931471824645996,0.5,0.5,0.5,0.0,0.0
828,1.3862943649291992,0.6931471824645996,0.5,0.5,0.5,0.0,0.0
829,1.3862943649291992,0.6931471824645996,0.5,0.5,0.5,0.0,0.0
830,1.3862943649291992,0.6931471824645996,0.5,0.5,0.5,0.0,0.0
831,1.3862943649291992,0.6931471824645996,0.5,0.5,0.5,0.0,0.0
832,1.3862943649291992,0.6931471824645996,0.5,0.5,0.5,0.0,0.0
833,1.3862943649291992,0.6931471824645996,0.5,0.5,0.5,0.0,0.0
834,1.3862943649291992,0.6931471824645996,0.5,0.5,0.5,0.0,0.0
835,1.3862943649291992,0.6931471824645996,0.5,0.5,0.5,0.0,0.0
836,1.3862943649291992,0.6931471824645996,0.5,0.5,0.5,0.0,0.0
837,1.3862943649291992,0.6931471824645996,0.5,0.5,0.5,0.0,0.0
838,1.3862943649291992,0.6931471824645996,0.5,0.5,0.5,0.0,0.0
839,1.3862943649291992,0.6931471824645996,0.5,0.5,0.5,0.0,0.0
840,1.3862943649291992,0.6931471824645996,0.5,0.5,0.5,0.0,0.0
841,1.3862943649291992,0.6931471824645996,0.5,0.5,0.5,0.0,0.0
842,1.3862943649291992,0.6931471824645996,0.5,0.5,0.5,0.0,0.0
843,1.3862943649291992,0.6931471824645996,0.5,0.5,0.5,0.0,0.0
844,1.3862943649291992,0.6931471824645996,0.5,0.5,0.5,0.0,0.0
845,1.3862943649291992,0.6931471824645996,0.5,0.5,0.5,0.0,0.0
846,1.3862943649291992,0.6931471824645996,0.5,0.5,0.5,0.0,0.0
847,1.3862943649291992,0.6931471824645996,0.5,0.5,0.5,0.0,0.0
848,1.3862943649291992,0.6931471824645996,0.5,0.5,0.5,0.0,0.0
849,1.3862943649291992,0.6931471824645996,0.5,0.5,0.5,0.0,0.0
850,1.3862943649291992,0.6931471824645996,0.5,0.5,0.5,0.0,0.0
851,1.3862943649291992,0.6931471824645996,0.5,0.5,0.5,0.0,0.0
852,1.3862943649291992,0.6931471824645996,0.5,0.5,0.5,0.0,0.0
853,1.3862943649291992,0.6931471824645996,0.5,0.5,0.5,0.0,0.0
854,1.3862943649291992,0.6931471824645996,0.5,0.5,0.5,0.0,0.0
855,1.3862943649291992,0.6931471824645996,0.5,0.5,0.5,0.0,0.0
856,1.3862943649291992,0.6931471824645996,0.5,0.5,0.5,0.0,0.0
857,1.3862943649291992,0.6931471824645996,0.5,0.5,0.5,0.0,0.0
858,1.3862943649291992,0.6931471824645996,0.5,0.5,0.5,0.0,0.0
859,1.3862943649291992,0.6931471824645996,0.5,0.5,0.5,0.0,0.0
860,1.3862943649291992,0.6931471824645996,0.5,0.5,0.5,0.0,0.0
861,1.3862943649291992,0.6931471824645996,0.5,0.5,0.5,0.0,0.0
862,1.3862943649291992,0.6931471824645996,0.5,0.5,0.5,0.0,0.0
863,1.3862943649291992,0.6931471824645996,0.5,0.5,0.5,0.0,0.0
864,1.3862943649291992,0.6931471824645996,0.5,0.5,0.5,0.0,0.0
865,1.3862943649291992,0.6931471824645996,0.5,0.5,0.5,0.0,0.0
866,1.3862943649291992,0.6931471824645996,0.5,0.5,0.5,0.0,0.0
867,1.3862943649291992,0.6931471824645996,0.5,0.5,0.5,0.0,0.0
868,1.3862943649291992,0.6931471824645996,0.5,0.5,0.5,0.0,0.0
869,1.3862943649291992,0.6931471824645996,0.5,0.5,0.5,0.0,0.0
870,1.3862943649291992,0.6931471824645996,0.5,0.5,0.5,0.0,0.0
871,1.3862943649291992,0.6931471824645996,0.5,0.5,0.5,0.0,0.0
872,1.3862943649291992,0.6931471824645996,0.5,0.5,0.5,0.0,0.0
873,1.3862943649291992,0.6931471824645996,0.5,0.5,0.5,0.0,0.0
874,1.3862943649291992,0.6931471824645996,0.5,0.5,0.5,0.0,0.0
875,1.3862943649291992,0.6931471824645996,0.5,0.5,0.5,0.0,0.0
876,1.3862943649291992,0.6931471824645996,0.5,0.5,0.5,0.0,0.0
877,1.3862943649291992,0.6931471824645996,0.5,0.5,0.5,0.0,0.0
878,1.3862943649291992,0.6931471824645996,0.5,0.5,0.5,0.0,0.0
879,1.3862943649291992,0.6931471824645996,0.5,0.5,0.5,0.0,0.0
880,1.3862943649291992,0.6931471824645996,0.5,0.5,0.5,0.0,0.0
881,1.3862943649291992,0.6931471824645996,0.5,0.5,0.5,0.0,0.0
882,1.3862943649291992,0.6931471824645996,0.5,0.5,0.5,0.0,0.0
883,1.3862943649291992,0.6931471824645996,0.5,0.5,0.5,0.0,0.0
884,1.3862943649291992,0.6931471824645996,0.5,0.5,0.5,0.0,0.0
885,1.3862943649291992,0.6931471824645996,0.5,0.5,0.5,0.0,0.0
886,1.3862943649291992,0.6931471824645996,0.5,0.5,0.5,0.0,0.0
887,1.3862943649291992,0.6931471824645996,0.5,0.5,0.5,0.0,0.0
888,1.3862943649291992,0.6931471824645996,0.5,0.5,0.5,0.0,0.0
889,1.3862943649291992,0.6931471824645996,0.5,0.5,0.5,0.0,0.0
890,1.3862943649291992,0.6931471824645996,0.5,0.5,0.5,0.0,0.0
891,1.3862943649291992,0.6931471824645996,0.5,0.5,0.5,0.0,0.0
892,1.3862943649291992,0.6931471824645996,0.5,0.5,0.5,0.0,0.0
893,1.3862943649291992,0.6931471824645996,0.5,0.5,0.5,0.0,0.0
894,1.3862943649291992,0.6931471824645996,0.5,0.5,0.5,0.0,0.0
895,1.3862943649291992,0.6931471824645996,0.5,0.5,0.5,0.0,0.0
896,1.3862943649291992,0.6931471824645996,0.5,0.5,0.5,0.0,0.0
897,1.3862943649291992,0.6931471824645996,0.5,0.5,0.5,0.0,0.0
898,1.3862943649291992,0.6931471824645996,0.5,0.5,0.5,0.0,0.0
899,1.3862943649291992,0.6931471824645996,0.5,0.5,0.5,0.0,0.0
900,1.3862943649291992,0.6931471824645996,0.5,0.5,0.5,0.0,0.0
901,1.3862943649291992,0.6931471824645996,0.5,0.5,0.5,0.0,0.0
902,1.3862943649291992,0.6931471824645996,0.5,0.5,0.5,0.0,0.0
903,1.3862943649291992,0.6931471824645996,0.5,0.5,0.5,0.0,0.0
904,1.3862943649291992,0.6931471824645996,0.5,0.5,0.5,0.0,0.0
905,1.3862943649291992,0.6931471824645996,0.5,0.5,0.5,0.0,0.0
906,1.3862943649291992,0.6931471824645996,0.5,0.5,0.5,0.0,0.0
907,1.3862943649291992,0.6931471824645996,0.5,0.5,0.5,0.0,0.0
908,1.3862943649291992,0.6931471824645996,0.5,0.5,0.5,0.0,0.0
909,1.3862943649291992,0.6931471824645996,0.5,0.5,0.5,0.0,0.0
910,1.3862943649291992,0.6931471824645996,0.5,0.5,0.5,0.0,0.0
911,1.3862943649291992,0.6931471824645996,0.5,0.5,0.5,0.0,0.0
912,1.3862943649291992,0.6931471824645996,0.5,0.5,0.5,0.0,0.0
913,1.3862943649291992,0.6931471824645996,0.5,0.5,0.5,0.0,0.0
914,1.3862943649291992,0.6931471824645996,0.5,0.5,0.5,0.0,0.0
915,1.3862943649291992,0.6931471824645996,0.5,0.5,0.5,0.0,0.0
916,1.3862943649291992,0.6931471824645996,0.5,0.5,0.5,0.0,0.0
917,1.3862943649291992,0.6931471824645996,0.5,0.5,0.5,0.0,0.0
918,1.3862943649291992,0.6931471824645996,0.5,0.5,0.5,0.0,0.0
919,1.3862943649291992,0.6931471824645996,0.5,0.5,0.5,0.0,0.0
920,1.3862943649291992,0.6931471824645996,0.5,0.5,0.5,0.0,0.0
921,1.3862943649291992,0.6931471824645996,0.5,0.5,0.5,0.0,0.0
922,1.3862943649291992,0.6931471824645996,0.5,0.5,0.5,0.0,0.0
923,1.3862943649291992,0.6931471824645996,0.5,0.5,0.5,0.0,0.0
924,1.3862943649291992,0.6931471824645996,0.5,0.5,0.5,0.0,0.0
925,1.3862943649291992,0.6931471824645996,0.5,0.5,0.5,0.0,0.0
926,1.3862943649291992,0.6931471824645996,0.5,0.5,0.5,0.0,0.0
927,1.3862943649291992,0.6931471824645996,0.5,0.5,0.5,0.0,0.0
928,1.3862943649291992,0.6931471824645996,0.5,0.5,0.5,0.0,0.0
929,1.3862943649291992,0.6931471824645996,0.5,0.5,0.5,0.0,0.0
930,1.3862943649291992,0.6931471824645996,0.5,0.5,0.5,0.0,0.0
931,1.3862943649291992,0.6931471824645996,0.5,0.5,0.5,0.0,0.0
932,1.3862943649291992,0.6931471824645996,0.5,0.5,0.5,0.0,0.0
933,1.3862943649291992,0.6931471824645996,0.5,0.5,0.5,0.0,0.0
934,1.3862943649291992,0.6931471824645996,0.5,0.5,0.5,0.0,0.0
935,1.3862943649291992,0.6931471824645996,0.5,0.5,0.5,0.0,0.0
936,1.3862943649291992,0.6931471824645996,0.5,0.5,0.5,0.0,0.0
937,1.3862943649291992,0.6931471824645996,0.5,0.5,0.5,0.0,0.0
938,1.3862943649291992,0.6931471824645996,0.5,0.5,0.5,0.0,0.0
939,1.3862943649291992,0.6931471824645996,0.5,0.5,0.5,0.0,0.0
940,1.3862943649291992,0.6931471824645996,0.5,0.5,0.5,0.0,0.0
941,1.3862943649291992,0.6931471824645996,0.5,0.5,0.5,0.0,0.0
942,1.3862943649291992,0.6931471824645996,0.5,0.5,0.5,0.0,0.0
943,1.3862943649291992,0.6931471824645996,0.5,0.5,0.5,0.0,0.0
944,1.3862943649291992,0.6931471824645996,0.5,0.5,0.5,0.0,0.0
945,1.3862943649291992,0.6931471824645996,0.5,0.5,0.5,0.0,0.0
946,1.3862943649291992,0.6931471824645996,0.5,0.5,0.5,0.0,0.0
947,1.3862943649291992,0.6931471824645996,0.5,0.5,0.5,0.0,0.0
948,1.3862943649291992,0.6931471824645996,0.5,0.5,0.5,0.0,0.0
949,1.3862943649291992,0.6931471824645996,0.5,0.5,0.5,0.0,0.0
950,1.3862943649291992,0.6931471824645996,0.5,0.5,0.5,0.0,0.0
951,1.3862943649291992,0.6931471824645996,0.5,0.5,0.5,0.0,0.0
952,1.3862943649291992,0.6931471824645996,0.5,0.5,0.5,0.0,0.0
953,1.3862943649291992,0.6931471824645996,0.5,0.5,0.5,0.0,0.0
954,1.3862943649291992,0.6931471824645996,0.5,0.5,0.5,0.0,0.0
955,1.3862943649291992,0.6931471824645996,0.5,0.5,0.5,0.0,0.0
956,1.3862943649291992,0.6931471824645996,0.5,0.5,0.5,0.0,0.0
957,1.3862943649291992,0.6931471824645996,0.5,0.5,0.5,0.0,0.0
958,1.3862943649291992,0.6931471824645996,0.5,0.5,0.5,0.0,0.0
959,1.3862943649291992,0.6931471824645996,0.5,0.5,0.5,0.0,0.0
960,1.3862943649291992,0.6931471824645996,0.5,0.5,0.5,0.0,0.0
961,1.3862943649291992,0.6931471824645996,0.5,0.5,0.5,0.0,0.0
962,1.3862943649291992,0.6931471824645996,0.5,0.5,0.5,0.0,0.0
963,1.3862943649291992,0.6931471824645996,0.5,0.5,0.5,0.0,0.0
964,1.3862943649291992,0.6931471824645996,0.5,0.5,0.5,0.0,0.0
965,1.3862943649291992,0.6931471824645996,0.5,0.5,0.5,0.0,0.0
966,1.3862943649291992,0.6931471824645996,0.5,0.5,0.5,0.0,0.0
967,1.3862943649291992,0.6931471824645996,0.5,0.5,0.5,0.0,0.0
968,1.3862943649291992,0.6931471824645996,0.5,0.5,0.5,0.0,0.0
969,1.3862943649291992,0.6931471824645996,0.5,0.5,0.5,0.0,0.0
970,1.3862943649291992,0.6931471824645996,0.5,0.5,0.5,0.0,0.0
971,1.3862943649291992,0.6931471824645996,0.5,0.5,0.5,0.0,0.0
972,1.3862943649291992,0.6931471824645996,0.5,0.5,0.5,0.0,0.0
973,1.3862943649291992,0.6931471824645996,0.5,0.5,0.5,0.0,0.0
974,1.3862943649291992,0.6931471824645996,0.5,0.5,0.5,0.0,0.0
975,1.3862943649291992,0.6931471824645996,0.5,0.5,0.5,0.0,0.0
976,1.3862943649291992,0.6931471824645996,0.5,0.5,0.5,0.0,0.0
977,1.3862943649291992,0.6931471824645996,0.5,0.5,0.5,0.0,0.0
978,1.3862943649291992,0.6931471824645996,0.5,0.5,0.5,0.0,0.0
979,1.3862943649291992,0.6931471824645996,0.5,0.5,0.5,0.0,0.0
980,1.3862943649291992,0.6931471824645996,0.5,0.5,0.5,0.0,0.0
981,1.3862943649291992,0.6931471824645996,0.5,0.5,0.5,0.0,0.0
982,1.3862943649291992,0.6931471824645996,0.5,0.5,0.5,0.0,0.0
983,1.3862943649291992,0.6931471824645996,0.5,0.5,0.5,0.0,0.0
984,1.3862943649291992,0.6931471824645996,0.5,0.5,0.5,0.0,0.0
985,1.3862943649291992,0.6931471824645996,0.5,0.5,0.5,0.0,0.0
986,1.3862943649291992,0.6931471824645996,0.5,0.5,0.5,0.0,0.0
987,1.3862943649291992,0.6931471824645996,0.5,0.5,0.5,0.0,0.0
988,1.3862943649291992,0.6931471824645996,0.5,0.5,0.5,0.0,0.0
989,1.3862943649291992,0.6931471824645996,0.5,0.5,0.5,0.0,0.0
990,1.3862943649291992,0.6931471824645996,0.5,0.5,0.5,0.0,0.0
991,1.3862943649291992,0.6931471824645996,0.5,0.5,0.5,0.0,0.0
992,1.3862943649291992,0.6931471824645996,0.5,0.5,0.5,0.0,0.0
993,1.3862943649291992,0.6931471824645996,0.5,0.5,0.5,0.0,0.0
994,1.3862943649291992,0.6931471824645996,0.5,0.5,0.5,0.0,0.0
995,1.3862943649291992,0.6931471824645996,0.5,0.5,0.5,0.0,0.0
996,1.3862943649291992,0.6931471824645996,0.5,0.5,0.5,0.0,0.0
997,1.3862943649291992,0.6931471824645996,0.5,0.5,0.5,0.0,0.0
998,1.3862943649291992,0.6931471824645996,0.5,0.5,0.5,0.0,0.0
999,1.3862943649291992,0.6931471824645996,0.5,0.5,0.5,0.0,0.0
1000,1.3862943649291992,0.6931471824645996,0.5,0.5,0.5,0.0,0.0
